Order Date,SKU,Item,Variant,Quantity,Delivery Date,Delivery Time
2024-12-27T12:38:47+08:00,DC8036/RusticWH,Union 80cm Chest of 6 Drawers,Assembly,1,9 Jul 2025,1 PM - 5 PM
2024-12-27T12:38:47+08:00,DC1606/RusticWH,Verona 1.6m 3x2 Dresser Sideboard,Assembly,1,9 Jul 2025,1 PM - 5 PM
2025-01-28T15:26:02+08:00,CTM10909,Custom Furniture,Custom,1,14 Aug 2025,1 PM - 5 PM
2025-01-28T15:26:02+08:00,CTM10909,Custom Furniture,Custom,1,14 Aug 2025,1 PM - 5 PM
2025-01-28T15:26:02+08:00,CTM10909 (SB6001/3021) - Black plastic legs,Custom Furniture,Custom,2,14 Aug 2025,1 PM - 5 PM
2025-01-28T15:26:02+08:00,,Metal Legs,Upgrade,1,14 Aug 2025,1 PM - 5 PM
2025-01-28T15:26:02+08:00,CU,Soft Close Hinge Upgrade,Upgrade,4,14 Aug 2025,1 PM - 5 PM
2025-01-28T15:26:02+08:00,SC5,Vegas 1.2m Oak 4-Door Shoe Cabinet,Assembly,1,14 Aug 2025,1 PM - 5 PM
2025-04-06T13:15:30+08:00,Zara/Divan/Queen/PL-012,Zara Fabric Bedframe (PL-012 Dark Brown),Queen / Divan,2,17 Jul 2025,10 AM - 1 PM
2025-04-06T13:15:30+08:00,Zara/Storage/Queen/PL-012,Zara Fabric Bedframe (PL-012 Dark Brown),Queen / Storage (Hydraulic),1,17 Jul 2025,10 AM - 1 PM
2025-04-14T19:48:29+08:00,TV1671/3045,Linwood 1.6m Maple TV Console Cabinet,Assembly,1,,
2025-04-14T19:48:29+08:00,SB8083/3045-use blum hinges,Richie 80cm Maple High Shoe Cabinet,Assembly,2,,
2025-04-14T19:48:29+08:00,CU,Soft Close Hinge Upgrade,Upgrade,1,,
2025-04-18T14:47:50+08:00,CTM11319 (TV1565/3045)-Soft close Slider,Custom Furniture,Custom,1,5 Aug 2025,5 PM - 8 PM
2025-04-18T14:47:50+08:00,CU,Soft Close Hinge Upgrade,Upgrade,2,5 Aug 2025,5 PM - 8 PM
2025-04-18T14:47:50+08:00,SC15,Vegas 90cm 3-Door Shoe Cabinet,Assembly,1,5 Aug 2025,5 PM - 8 PM
2025-04-18T14:47:50+08:00,,Soft Closing Slider Upgrade,Sliders / Soft Close,2,5 Aug 2025,5 PM - 8 PM
2025-05-16T18:28:32+08:00,CTM11445,Custom Furniture,Custom,1,11 Jul 2025,2 PM - 6 PM
2025-05-16T18:28:32+08:00,,Soft Closing Slider Upgrade,Sliders / Soft Close,5,11 Jul 2025,2 PM - 6 PM
2025-05-17T14:09:43+08:00,CTM11446,Custom Furniture,Custom,1,9 Jul 2025,11 AM - 3 PM
2025-05-18T18:53:57+08:00,CTM11457B,Replace handle screws ,Custom,1,18 Jul 2025,4 PM - 6 PM
2025-05-18T18:53:57+08:00,CTM11457B,Custom Furniture,Custom,1,1 Jul 2025,2 PM - 6 PM
2025-05-20T20:35:51+08:00,CTM11465A,Custom,Assembly,1,9 Jul 2025,2 PM - 6 PM
2025-05-20T20:35:51+08:00,CTM11465B,Custom,Assembly,1,9 Jul 2025,2 PM - 6 PM
2025-05-20T20:35:51+08:00,CU,Soft Close Hinge Upgrade,Upgrade,2,9 Jul 2025,2 PM - 6 PM
2025-05-20T23:47:43+08:00,CTM11467 (Assemble on-site),Custom Furniture,Custom,1,17 Jul 2025,2 PM - 6 PM
2025-05-20T23:47:43+08:00,CU,Soft Close Hinge Upgrade,Upgrade,1,17 Jul 2025,2 PM - 6 PM
2025-05-21T23:23:10+08:00,CTM11470,Custom Furniture,Custom,1,17 Jul 2025,5 PM - 8 PM
2025-05-24T19:10:38+08:00,Essential(noeurotop)/SuperSingle,"Essential 10.5"" Pocket Spring Mattress",Super Single,1,4 Jul 2025,11 AM - 3 PM
2025-05-28T13:06:24+08:00,CH,Handle Upgrade,Upgrade,5,18 Jul 2025,10 AM - 12 PM
2025-05-28T13:06:24+08:00,CTM11495,Custom Furniture,Custom,1,18 Jul 2025,10 AM - 12 PM
2025-05-29T12:43:37+08:00,CTM11497 (SB6001/Maple),Custom Furniture,Custom,1,11 Jul 2025,4 PM - 8 PM
2025-05-30T16:48:48+08:00,Elizabeth/Divan/Single (Custom width 89cm),Elizabeth Fabric Divan Bedframe,Divan / Single,1,18 Jul 2025,10 AM - 1 PM
2025-05-31T10:32:27+08:00,CTM11504 (SS8030/Oak),Custom Furniture,Custom,1,9 Jul 2025,1 PM - 5 PM
2025-05-31T10:32:27+08:00,CTM11504 (SS6020/Oak),Custom Furniture,Custom,1,9 Jul 2025,1 PM - 5 PM
2025-05-31T12:40:25+08:00,WD4021/Pine,Alto 40cm Modular Wardrobe,Assembly,2,11 Jul 2025,6 PM - 8 PM
2025-05-31T12:40:25+08:00,WD8003/Pine,Vela 80cm Modular Wardrobe,Assembly,2,11 Jul 2025,6 PM - 8 PM
2025-05-31T14:35:46+08:00,Vigor/SuperSingle,"Luxe 13"" Ice Cool Latex Pocket Spring Mattress",Super Single,1,4 Jul 2025,10 AM - 1 PM
2025-05-31T14:35:46+08:00,Miranda/Storage/SuperSingle/PL017,Deliver bottom panel,Assembly,1,18 Jul 2025,11 AM - 3 PM
2025-05-31T17:45:53+08:00,T1211/3045,Pixel Work Desk,Assembly,1,25 Jul 2025,10 AM - 1 PM
2025-05-31T20:41:25+08:00,CTM11512 (DC8036/Pine),Custom Furniture,Custom,1,11 Jul 2025,1 PM - 5 PM
2025-06-01T15:27:10+08:00,SB1048/3075-Orion13 cushion,Vernetta 100cm Walnut Sliding Shoe Bench with Cushion,Assembly,1,18 Jul 2025,2 PM - 6 PM
2025-06-01T15:38:26+08:00,DC1408/3045WH,Alexis 1.4m Maple/White 4x2 Dresser,Assembly,1,17 Jul 2025,1 PM - 5 PM
2025-06-01T15:38:26+08:00,DC8036/3045WH,Union 80cm Chest of 6 Drawers,Assembly,1,17 Jul 2025,1 PM - 5 PM
2025-06-01T16:02:37+08:00,,Legs Upgrade,14.5cm Wood,1,9 Jul 2025,4 PM - 8 PM
2025-06-01T16:02:37+08:00,CU,Soft Close Hinge Upgrade,Upgrade,1,9 Jul 2025,4 PM - 8 PM
2025-06-01T16:02:37+08:00,SC5-NO SOFT CLOSE,Vegas 1.2m Oak Shoe Cabinet,Assembly,1,9 Jul 2025,4 PM - 8 PM
2025-06-01T16:02:37+08:00,CTM11519 (TV1650/1002)-Walnut wood legs,Custom Furniture,Custom,1,9 Jul 2025,4 PM - 8 PM
2025-06-01T16:41:59+08:00,Miranda/Storage/Single/Omi02,Miranda Fabric Divan Bedframe,Storage (Hydraulic) / Single,2,26 Jun 2025,
2025-06-01T19:29:05+08:00,CTM11523 (SB8311/Espresso),Custom Furniture,Custom,1,9 Jul 2025,10 AM - 1 PM
2025-06-01T22:36:09+08:00,CTM11524,Custom Furniture,Custom,1,17 Jul 2025,2 PM - 6 PM
2025-06-02T11:02:10+08:00,CU,Soft Close Hinge Upgrade,Upgrade,1,13 Jun 2025,4 PM - 8 PM
2025-06-03T13:59:14+08:00,BS9001/3075,Super 90cm Walnut Short Bookcase,Assembly,1,12 Sep 2025,
2025-06-03T13:59:14+08:00,CTM11530(BT4545/3075),Custom Furniture,Custom,1,12 Sep 2025,
2025-06-03T13:59:14+08:00,CTM11530(BT4545LEFT/3075),Custom Furniture,Custom,1,12 Sep 2025,
2025-06-03T13:59:14+08:00,CU,Soft Close Hinge Upgrade,Upgrade,1,12 Sep 2025,
2025-06-03T13:59:14+08:00,,Soft Closing Slider Upgrade,Sliders / Soft Close,2,12 Sep 2025,
2025-06-07T20:51:31+08:00,CTM11543,Custom Furniture,Custom,1,25 Jul 2025,2 PM - 6 PM
2025-06-07T20:51:31+08:00,CU,Soft Close Hinge Upgrade,Upgrade,1,25 Jul 2025,2 PM - 6 PM
2025-06-07T20:57:24+08:00,Miranda/Storage/Boucle/Queen,Miranda Hydraulic Storage Bedframe,Queen / Bouclé Fabric,1,18 Jul 2025,1 PM - 5 PM
2025-06-08T14:55:44+08:00,CTM11550 (TV1853/3045),Custom Furniture,Custom,1,24 Jul 2025,4 PM - 8 PM
2025-06-11T10:37:13+08:00,SI1680/Walnut,Monaco 1.6m Walnut 4-Door Sideboard,Assembly,1,9 Jul 2025,2 PM - 6 PM
2025-06-11T12:48:51+08:00,BS-SS4001GD-LEFT/3045 (Door open to the left),Denver 40cm Maple Bookcase Display Shelf with Glass Door,Assembly,1,25 Jul 2025,11 AM - 3 PM
2025-06-11T14:20:17+08:00,TV1266/3075,Match 1.2m Walnut TV Console Cabinet,Assembly,1,24 Jul 2025,11 AM - 3 PM
2025-06-11T14:20:17+08:00,WD4021/3036,Alto 40cm Modular Wardrobe,Assembly,1,24 Jul 2025,11 AM - 3 PM
2025-06-11T14:20:17+08:00,WD8003/3036,Vela 80cm Modular Wardrobe,Assembly,1,24 Jul 2025,11 AM - 3 PM
2025-06-12T19:00:32+08:00,DC1232/3045,Eve 1.2m Maple Chest Sideboard,Assembly,1,7 Aug 2025,6 PM - 8 PM
2025-06-13T16:08:23+08:00,DC1232/MapleWH,Eve 1.2m Maple/White Chest Sideboard,Assembly,1,11 Jul 2025,2 PM - 6 PM
2025-06-13T16:21:24+08:00,BS-Office Chair,Alpha High Back Office Chair,3D Adjustable / Black,1,11 Jul 2025,1 PM - 5 PM
2025-06-14T15:14:46+08:00,1039 Pull Out/SS-S/PL016,Millie Pull-out Fabric Bedframe - PL016,Super Single-Single,1,24 Jul 2025,1 PM - 5 PM
2025-06-14T15:14:46+08:00,SB7/SB6-NBG10 Pull-out Bedframe,SB7/SB6-NBG10 Pull-out Bedframe,Super Single-Single,1,27 Aug 2025,11AM - 3 PM
2025-06-14T20:19:22+08:00,CTM11576 (SB1283/1002),Custom Furniture,Custom,1,7 Aug 2025,2 PM - 6 PM
2025-06-14T20:19:22+08:00,CU,Soft Close Hinge Upgrade,Assembly,1,7 Aug 2025,2 PM - 6 PM
2025-06-15T20:23:37+08:00,T1221LEFT/White,Theta Maple Hutch Study Table (Left),120cm,1,5 Aug 2025,5 PM - 6.30 PM
2025-06-16T17:06:06+08:00,TV24/1.6/PineWH,Hamburg 1.6m Pine/White TV Console Cabinet,Assembly,1,11 Jul 2025,2 PM - 6 PM
2025-06-19T13:45:40+08:00,TV1634/WH,Paisley 1.6m White TV Console Cabinet,Assembly,1,7 Aug 2025,11 AM - 1 PM
2025-06-20T13:28:09+08:00,SR2/3018WH,Bremen 80cm Oak/White Storage Cabinet,Assembly,1,8 Aug 2025,6 PM - 8 PM
2025-06-20T17:09:50+08:00,Zara/Divan/Leather/Queen/ML-00,Zara Divan Bedframe - ML00 (no legs),Queen / Faux Leather,1,25 Jul 2025,10 AM - 12 PM
2025-06-21T12:39:18+08:00,DC1232/Walnut -soft close door,Eve 1.2m Walnut Chest Sideboard,Assembly,1,11 Jul 2025,11 AM - 3 PM
2025-06-21T12:39:18+08:00,CU,Soft Close Hinge Upgrade,Upgrade,1,11 Jul 2025,11 AM - 3 PM
2025-06-21T14:31:03+08:00,"WD8006/3045-2 drawer locks, silver handles",Cavo 80cm Modular Wardrobe,Assembly,1,8 Aug 2025,1 PM - 5 PM
2025-06-21T14:31:03+08:00,WD4002/3045-silver handles,Kano 40cm Modular Wardrobe,Assembly,1,8 Aug 2025,1 PM - 5 PM
2025-06-21T14:31:03+08:00,LOCK,Lock Upgrade,Upgrade,2,8 Aug 2025,1 PM - 5 PM
2025-06-21T14:31:03+08:00,CU,Soft Close Hinge Upgrade,Upgrade,1,8 Aug 2025,1 PM - 5 PM
2025-06-21T18:14:51+08:00,Storage/Single/No Headboard/ME005,Hydraulic Storage Bedframe - ME005 (no headboard),Single / Hellotex/Polo Fabric,1,24 Jul 2025,10 AM - 1 PM
2025-06-21T18:14:51+08:00,Zara/Storage/Queen/ME002,Zara Hydraulic Storage Bedframe - ME002,Queen / Hellotex/Polo Fabric,1,24 Jul 2025,10 AM - 1 PM
2025-06-21T18:14:51+08:00,Zara/Storage/Queen/ME002,Replace Headboard,Queen / Hellotex/Polo Fabric,1,20 Aug 2025,10 AM - 1 PM
2025-06-22T11:38:51+08:00,CTM11612 (SB4311/3018WH)-WOOD LEGS,Custom Furniture SB4311,Custom,1,8 Aug 2025,1 PM - 5 PM
2025-06-22T11:38:51+08:00,CTM11612 (TV1650-T/3018WH),Custom Furniture TV1650,Custom,1,8 Aug 2025,1 PM - 5 PM
2025-06-22T11:38:51+08:00,CTM11612A,Custom Furniture A,Custom,1,8 Aug 2025,1 PM - 5 PM
2025-06-22T11:38:51+08:00,,Legs Upgrade,14.5cm Wood,1,8 Aug 2025,1 PM - 5 PM
2025-06-22T11:38:51+08:00,"CTM11679
-Silver Handle",Custom Furniture,Custom,1,,
2025-06-22T11:38:51+08:00,CTM11612B-2,Custom Furniture,Custom,1,,
2025-06-22T14:24:00+08:00,CTM11613 (TV1650/3018)-SOFT CLOSE,Custom Furniture,Custom,1,7 Aug 2025,2 PM - 6 PM
2025-06-22T14:24:00+08:00,CU,Soft Close Hinge Upgrade,Upgrade,1,7 Aug 2025,2 PM - 6 PM
2025-06-22T16:52:56+08:00,SB8311/3075,Brighton 80cm Walnut Shoe Cabinet,Assembly,1,25 Jul 2025,11 AM - 3 PM
2025-06-23T16:30:01+08:00,CTM11619,Custom Furniture,Custom,1,7 Aug 2025,6 PM - 8 PM
2025-06-24T17:59:49+08:00,CTM11626,Custom Furniture,Stock / Others,1,14 Aug 2025,2 PM - 6 PM
2025-06-25T10:26:22+08:00,BS-SS4001WD/3045,Denver 40cm Maple Bookcase with Door,Assembly,1,8 Aug 2025,11 AM - 3 PM
2025-06-26T15:16:00+08:00,TV24/1.6/3036WH,Hamburg 1.6m Pine/White TV Console Cabinet,Assembly,1,25 Jul 2025,1 PM - 5 PM
2025-06-26T16:43:17+08:00,WD4021/3036,Alto 40cm Modular Wardrobe,Assembly,1,25 Jul 2025,4 PM - 8 PM
2025-06-26T16:43:17+08:00,WD8003/3036,Vela 80cm Modular Wardrobe,Assembly,3,25 Jul 2025,4 PM - 8 PM
2025-06-27T14:57:25+08:00,SI1295/Walnut,Manhattan Flat Top 1.2m Walnut Sideboard,Assembly,1,11 Jul 2025,6 PM - 8 PM
2025-06-27T16:22:19+08:00,SS6202/Espresso,Warwick 60cm Espresso Bookcase Display Shelf,Assembly,1,9 Jul 2025,11 AM - 3 PM
2025-06-27T16:22:19+08:00,CU,Soft Close Hinge Upgrade,Upgrade,1,9 Jul 2025,11 AM - 3 PM
2025-06-27T16:22:19+08:00,DC8036/RusticWH,Union 80cm Chest of 6 Drawers,Assembly,1,9 Jul 2025,11 AM - 3 PM
2025-06-28T13:38:32+08:00,Alpha Office Chair,Alpha High Back Office Chair,3D Adjustable / Black,1,24 Jul 2025,10 AM - 1 PM
2025-06-28T17:54:32+08:00,CTM11640,Custom Furniture,Custom,1,15 Aug 2025,2 PM - 6 PM
2025-06-28T18:42:38+08:00,SI1593/3075,Manhattan Flat Top 1.6m Walnut Sideboard,Assembly,1,20 Aug 2025,5 PM - 8 PM
2025-06-29T13:06:02+08:00,CTM11643,Custom Furniture,Custom,1,14 Aug 2025,2 PM - 6 PM
2025-06-29T17:00:45+08:00,Essential(noeurotop)/SuperSingle,"Essential 10.5"" Pocket Spring Mattress",Super Single,1,24 Jul 2025,2 PM - 6 PM
2025-06-29T19:14:34+08:00,CTM11649 (SB8083/WH)-KN-D822-BRS2,Custom Furniture,Custom,1,8 Aug 2025,11 AM - 3 PM
2025-06-29T19:14:34+08:00,CH,Handle Upgrade,Upgrade,2,8 Aug 2025,11 AM - 3 PM
2025-07-01T14:07:07+08:00,SC15,Vegas 90cm 3-Door Shoe Cabinet,Assembly,1,9 Jul 2025,4 PM - 8 PM
2025-07-01T14:42:17+08:00,CTM11655,Custom Furniture,Custom,2,27 Aug 2025,11AM - 3 PM
2025-07-01T14:42:17+08:00,CU,Soft Close Hinge Upgrade,Upgrade,1,27 Aug 2025,11AM - 3 PM
2025-07-01T19:20:11+08:00,CTM11656 (WD4021/3045),Custom Furniture,Custom,1,27 Aug 2025,10 AM - 12 PM
2025-07-03T13:50:43+08:00,SC4,Vegas 60cm Oak Shoe Cabinet,Assembly,1,9 Jul 2025,11 AM - 3 PM
2025-07-03T13:50:43+08:00,SC5,Vegas 1.2m Oak Shoe Cabinet,Assembly,1,9 Jul 2025,11 AM - 3 PM
2025-07-03T13:50:43+08:00,CU,Soft Close Hinge Upgrade,Upgrade,1,9 Jul 2025,11 AM - 3 PM
2025-07-04T16:24:15+08:00,BT4545/3045-soft close slider,Cubo 45cm Maple Bedside Table,Assembly,1,27 Aug 2025,2 PM - 6 PM
2025-07-04T16:24:15+08:00,BT4545LEFT/3045-soft close slider,Cubo 45cm Maple Bedside Table (Open Left),Assembly,1,27 Aug 2025,2 PM - 6 PM
2025-07-04T16:24:15+08:00,CU,Soft Close Hinge Upgrade,Upgrade,2,27 Aug 2025,2 PM - 6 PM
2025-07-04T16:24:15+08:00,,Soft Closing Slider Upgrade,Sliders / Soft Close,2,27 Aug 2025,2 PM - 6 PM
2025-07-05T11:22:07+08:00,SC5(X2),Vegas Oak 1.2m Wide 162m High Shoe Cabinet,Assembly,1,9 Jul 2025,11 AM - 3 PM
2025-07-05T13:32:03+08:00,SC18/WAL,Texas 1.2m Walnut Shoe Cabinet,Assembly,1,9 Jul 2025,4 PM - 8 PM
2025-07-05T13:58:09+08:00,SC4(X2)/WAL-NO SOFT CLOSE,Vegas Walnut 60cm Wide 162cm High Shoe Cabinet,Assembly,1,,10 AM - 1 PM
2025-07-05T13:58:09+08:00,TV25/Walnut-NO SOFT CLOSE,Hamburg 1.8m Walnut TV Console Cabinet,Assembly,1,,10 AM - 1 PM
2025-07-05T13:58:09+08:00,WD8003/WH-SOFT CLOSE DOOR,Vela 80cm Modular Wardrobe,Assembly,1,22 Aug 2025,10 AM - 1 PM
2025-07-05T13:58:09+08:00,WD4021/WH-SOFT CLOSE DOOR,Alto 40cm Modular Wardrobe,Assembly,1,22 Aug 2025,10 AM - 1 PM
2025-07-05T13:58:09+08:00,CU,Soft Close Hinge Upgrade,Upgrade,2,22 Aug 2025,10 AM - 1 PM
2025-07-05T14:22:56+08:00,SC4,Vegas 60cm Oak Shoe Cabinet,Assembly,1,9 Jul 2025,1 PM - 5 PM
2025-09-01T19:39:08+08:00,SC15,Vegas 90cm 3-Door Shoe Cabinet,Assembly,1,9 Sep 2025,10 AM - 1 PM
2025-08-31T16:31:56+08:00,SC4(X2),Vegas Oak 60cm Wide 162cm High Shoe Cabinet,Assembly,1,9 Sep 2025,10 AM - 1 PM
2025-08-31T16:31:56+08:00,CU,Soft Close Hinge Upgrade,Upgrade,1,9 Sep 2025,10 AM - 1 PM
2025-07-05T16:44:33+08:00,CU,Soft Close Hinge Upgrade,Upgrade,1,1 Aug 2025,2 PM - 6 PM
2025-07-05T16:44:33+08:00,SC18(X2)/OAK,Texas Oak 1.2m Wide 162m High Shoe Cabinet,Assembly,1,1 Aug 2025,2 PM - 6 PM
2025-07-06T10:59:37+08:00,Plus(w/eurotop)/SuperSingle,"Plus 10.5"" Pocket Spring with Euro-Top Mattress",Super Single,1,1 Aug 2025,1 PM - 5 PM
2025-07-06T12:28:21+08:00,SB6001/Pine,Archie 60cm Pine Shoe Cabinet,Assembly,1,9 Jul 2025,2 PM - 6 PM
2025-07-06T13:56:49+08:00,SC15/WAL,Vegas 90cm Walnut Shoe Cabinet,Assembly,1,11 Jul 2025,10 AM - 1 PM
2025-07-06T13:56:49+08:00,CU,Soft Close Hinge Upgrade,Upgrade,1,11 Jul 2025,10 AM - 1 PM
2025-07-06T16:04:52+08:00,CU,Soft Close Hinge Upgrade,Upgrade,1,9 Jul 2025,2 PM - 6 PM
2025-07-06T16:04:52+08:00,SC18(X2)/WAL,Texas Walnut 1.2m Wide 162m High Shoe Cabinet,Assembly,1,9 Jul 2025,2 PM - 6 PM
2025-07-06T20:24:06+08:00,SB6304/Maple,Nara 60cm Wide 1.8m Maple Tall Shoe Cabinet,Assembly,1,11 Jul 2025,4 PM - 8 PM
2025-07-06T21:24:33+08:00,CTM11612B/3036-Add Mirror,Custom Furniture,Custom,1,22 Aug 2025,11 AM - 3 PM
2025-07-06T21:24:33+08:00,CU,Soft Close Hinge Upgrade,Upgrade,1,22 Aug 2025,11 AM - 3 PM
2025-07-06T21:24:33+08:00,WD8008/3036,Bora 80cm Modular Wardrobe,Assembly,1,22 Aug 2025,11 AM - 3 PM
2025-07-06T21:24:33+08:00,,Add Mirror,Custom,1,22 Aug 2025,11 AM - 3 PM
2025-07-06T23:40:07+08:00,SC5,Vegas 1.2m Oak Shoe Cabinet,Assembly,1,11 Jul 2025,1 PM - 5 PM
2025-07-07T09:35:54+08:00,SB4311/MapleWH,Eden 43cm Maple/White Shoe Cabinet,Assembly,1,11 Jul 2025,10 AM - 1 PM
2025-07-07T10:57:40+08:00,TV25/3075,Hamburg 1.8m Walnut TV Console Cabinet,Assembly,1,17 Jul 2025,1 PM - 5 PM
2025-07-07T10:57:40+08:00,CU,Soft Close Hinge Upgrade,Upgrade,1,17 Jul 2025,1 PM - 5 PM
2025-08-31T14:44:29+08:00,CU,Soft Close Hinge Upgrade,Upgrade,1,5 Sep 2025,10 AM - 1 PM
2025-07-07T18:14:48+08:00,SC15/WAL,Vegas 90cm Walnut Shoe Cabinet,Assembly,1,9 Jul 2025,1 PM - 5 PM
2025-07-07T18:29:14+08:00,Plus(w/eurotop)/Queen,"Plus 10.5"" Pocket Spring with Euro-Top Mattress",Queen,1,1 Aug 2025,11 AM - 3 PM
2025-07-07T20:20:16+08:00,SB8083/Walnut - SOFTCLOSE,Richie 80cm Shoe Cabinet,Assembly,1,11 Jul 2025,10 AM - 1 PM
2025-07-07T20:20:16+08:00,SB6001/Ash White - SOFTCLOSE,Archie 60cm Ash/White Shoe Cabinet,Assembly,1,11 Jul 2025,10 AM - 1 PM
2025-07-07T20:20:16+08:00,CU,Soft Close Hinge Upgrade,Upgrade,2,11 Jul 2025,10 AM - 1 PM
2025-07-08T06:42:07+08:00,SB6304/3045,Nara 60cm Wide 1.8m Maple Tall Shoe Cabinet,Assembly,1,8 Aug 2025,2 PM - 6 PM
2025-07-08T17:50:20+08:00,SC5,Vegas 1.2m Oak Shoe Cabinet,Assembly,1,11 Jul 2025,1 PM - 5 PM
2025-07-08T18:25:31+08:00,BS-DC1289/OakWH,Nora 60cm 4-Drawer Oak/White Chest of Drawers,Assembly,1,11 Jul 2025,11 AM - 3 PM
2025-07-08T18:25:31+08:00,DC8036/3045WH-silver handles,Union 80cm Chest of 6 Drawers,Assembly,1,8 Aug 2025,11 AM - 3 PM
2025-07-09T13:13:06+08:00,CU,Soft Close Hinge Upgrade,Upgrade,1,,
2025-07-09T13:13:06+08:00,SB6001/SP Oak,Archie 60cm SP Oak Shoe Cabinet,Assembly,1,1 Aug 2025,2 PM - 6 PM
2025-07-09T13:40:34+08:00,P4053/3036,Cyber 3-Drawer Mobile Pedestal,Assembly,1,,
2025-07-10T13:34:44+08:00,SI1885/3045,Monaco 1.8m Maple 4-Door Sideboard,Assembly,1,17 Jul 2025,11 AM - 3 PM
2025-07-10T14:22:43+08:00,SC4(X2)/WAL,Vegas Walnut 60cm Wide 162cm High Shoe Cabinet,Assembly,1,17 Jul 2025,11 AM - 3 PM
2025-07-10T20:43:16+08:00,SB1283/MapleWH,Richmond 1.2m Maple/White Shoe Cabinet,Assembly,2,11 Jul 2025,11 AM - 3 PM
2025-07-10T20:43:16+08:00,CU,Soft Close Hinge Upgrade,Upgrade,2,11 Jul 2025,11 AM - 3 PM
2025-07-11T11:06:29+08:00,BS-SS6202/3064,Warwick 60cm Espresso Bookcase Display Shelf,Assembly,1,17 Jul 2025,5 PM - 8 PM
2025-07-11T11:13:57+08:00,BS-SB4311/3045WH,Eden 43cm Maple/White Shoe Cabinet,Assembly,1,17 Jul 2025,11 AM - 3 PM
2025-07-11T11:19:27+08:00,Dang Low Back Chair,Dang Low Back Office Chair,Fixed / Black,10,14 Aug 2025,11 AM - 3 PM
2025-07-11T12:00:28+08:00,SC4(X2),Vegas Oak 60cm Wide 162cm High Shoe Cabinet,Assembly,1,17 Jul 2025,11 AM - 3 PM
2025-07-11T12:00:28+08:00,CU,Soft Close Hinge Upgrade,Upgrade,1,17 Jul 2025,11 AM - 3 PM
2025-07-11T21:03:44+08:00,SS6020/3045-KN-D822-BRS2 knob,Oxford 60cm 2 Doors Maple Bookcase,Assembly,1,17 Jul 2025,1 PM - 5 PM
2025-07-11T21:03:44+08:00,CH,Handle Upgrade,Upgrade,2,17 Jul 2025,1 PM - 5 PM
2025-07-12T13:07:10+08:00,BS-DC1408/3045WH,Alexis 1.4m Maple/White 4x2 Dresser,Assembly,1,18 Jul 2025,4 PM - 8 PM
2025-07-12T13:45:45+08:00,DC8064/3075,Nora 80cm Walnut 4-Drawer Chest with Lock,Assembly,1,,
2025-07-12T15:15:19+08:00,CTM11705,Custom Furniture,Custom,1,,
2025-07-12T16:28:20+08:00,BS-BT4550/4045,Cubo 45cm Feather Oak Bedside Table,Assembly,1,17 Jul 2025,1 PM - 5 PM
2025-07-12T16:50:47+08:00,SC15,Vegas 90cm 3-Door Shoe Cabinet,Assembly,1,17 Jul 2025,11 AM - 3 PM
2025-07-12T17:38:38+08:00,SB1283/3075-Walnut wood legs,Richmond 1.2m Walnut Shoe Cabinet,Assembly,1,18 Jul 2025,1 PM - 5 PM
2025-07-12T17:38:38+08:00,,Legs Upgrade,14.5cm Wood,1,18 Jul 2025,1 PM - 5 PM
2025-07-12T19:46:07+08:00,SC15/WAL,Vegas 90cm Walnut Shoe Cabinet,Assembly,1,17 Jul 2025,5 PM - 8 PM
2025-07-12T19:46:07+08:00,CU,Soft Close Hinge Upgrade,Upgrade,1,17 Jul 2025,5 PM - 8 PM
2025-07-13T11:21:08+08:00,SC4(X2)/WAL,Vegas Walnut 60cm Wide 162cm High Shoe Cabinet,Assembly,1,25 Jul 2025,10 AM - 1 PM
2025-07-13T11:55:58+08:00,Miranda/Storage/Leather/Queen,Miranda Hydraulic Storage Bedframe,Queen / Faux Leather,1,15 Aug 2025,2 PM - 6 PM
2025-07-13T11:55:58+08:00,,Divan height - Increase 1 inch (2.5cm),Assembly,1,15 Aug 2025,2 PM - 6 PM
2025-07-13T14:03:53+08:00,CTM11712A,Custom Furniture,Custom,2,,
2025-07-13T14:03:53+08:00,CTM11712B,Custom Furniture,Custom,1,,
2025-07-13T14:03:53+08:00,CTM11712C,Custom Furniture,Custom,1,,
2025-07-13T14:03:53+08:00,TV1634/3045WH,Paisley 1.6m Maple/White TV Console Cabinet,Assembly,1,,
2025-07-13T14:03:53+08:00,CU,Soft Close Hinge Upgrade,Upgrade,1,,
2025-07-13T14:03:53+08:00,,Soft Closing Slider Upgrade,Sliders / Soft Close,1,,
2025-07-13T14:06:39+08:00,SC5,Vegas 1.2m Oak Shoe Cabinet,Assembly,1,18 Jul 2025,2 PM - 6 PM
2025-07-13T16:32:07+08:00,BS-DC7058/3036-Default dark grey handle,Pepe 70cm 5-Drawer Chest,Assembly,1,18 Jul 2025,5 PM - 8 PM
2025-07-13T16:39:11+08:00,SS8030/WH,Cambridge 80cm 2 Door 4 Drawer White Storage Bookcase,Assembly,1,8 Aug 2025,5 PM - 8 PM
2025-07-13T17:01:21+08:00,SR2/3036,Bremen 80cm Pine Storage Cabinet,Assembly,1,17 Jul 2025,10 AM - 12 PM
2025-07-13T17:01:21+08:00,CU,Soft Close Hinge Upgrade,Upgrade,1,17 Jul 2025,10 AM - 12 PM
2025-07-13T19:05:46+08:00,SR2/3045WH,Bremen 80cm Maple/White Storage Cabinet,Assembly,2,17 Jul 2025,5 PM - 8 PM
2025-07-13T19:45:59+08:00,SB8083/Walnut,Richie 80cm Shoe Cabinet,Assembly,1,18 Jul 2025,10 AM - 12 PM
2025-07-13T20:41:50+08:00,CTM11719,Custom Furniture,Custom,1,,
2025-07-13T20:43:38+08:00,CTM11720 (SI1885/3018)-Wood Legs,Custom Furniture,Custom,1,,
2025-07-13T20:43:38+08:00,CTM11720,Custom Furniture,Custom,1,,
2025-07-13T20:43:38+08:00,,Premium colour - Oak,Assembly,1,,
2025-07-13T20:43:38+08:00,,Legs Upgrade,Metal to Wood,1,,
2025-07-13T20:43:38+08:00,CU,Soft Close Hinge Upgrade,Upgrade,2,,
2025-07-13T21:59:06+08:00,SR6/3036WH,Hamburg 1.4m Pine/White Sideboard,Assembly,1,18 Jul 2025,1 PM - 5 PM
2025-07-14T10:16:05+08:00,SB8083/3045,Richie 80cm Shoe Cabinet,Assembly,1,18 Jul 2025,4 PM - 8 PM
2025-07-14T13:09:48+08:00,WD8005/3036+4025,Sera 80cm Modular Wardrobe,Assembly,2,,
2025-07-14T13:09:48+08:00,WD4002/3036+4025,Kano 40cm Modular Wardrobe,Assembly,1,,
2025-07-14T13:09:48+08:00,WD4021/3036+4025,Alto 40cm Modular Wardrobe,Assembly,2,,
2025-07-14T13:09:48+08:00,,Premium Colour - 4025 Navy,Assembly,1,,
2025-07-14T13:09:48+08:00,CU,Soft Close Hinge Upgrade,Upgrade,5,,
2025-07-14T16:32:00+08:00,CTM11725,Custom Furniture,Custom,1,,
2025-07-15T10:15:28+08:00,SB8083/3075,Richie 80cm Shoe Cabinet,Assembly,1,24 Jul 2025,1 PM - 5 PM
2025-07-15T13:28:01+08:00,SC15(X2)/WAL,Vegas Walnut 90cm Wide 162cm High Shoe Cabinet,Assembly,1,18 Jul 2025,2 PM - 6 PM
2025-07-15T13:28:01+08:00,CU,Soft Close Hinge Upgrade,Upgrade,1,18 Jul 2025,2 PM - 6 PM
2025-07-15T13:28:51+08:00,SC15/WAL,Vegas 90cm Walnut Shoe Cabinet,Assembly,1,17 Jul 2025,10 AM - 1 PM
2025-07-15T15:28:07+08:00,SC5/WAL,Vegas 1.2m Walnut 4-Door Shoe Cabinet,Assembly,1,24 Jul 2025,4 PM - 8 PM
2025-07-15T18:40:09+08:00,SI1885/3075,Monaco 1.8m Walnut 4-Door Sideboard,Assembly,1,18 Jul 2025,11 AM - 3 PM
2025-07-15T18:40:09+08:00,SR4/3075,Munich 1.2m Walnut Highboard Storage Cabinet,Assembly,1,18 Jul 2025,11 AM - 3 PM
2025-07-15T18:40:09+08:00,CU,Soft Close Hinge Upgrade,Upgrade,2,18 Jul 2025,11 AM - 3 PM
2025-07-16T11:55:33+08:00,Tranquil/Single,"Basic 7"" Rebonded Foam Mattress",Single,1,14 Aug 2025,10 AM - 1 PM
2025-07-16T11:55:33+08:00,DC8036/3045WH,Union 80cm Chest of 6 Drawers,Assembly,1,14 Aug 2025,10 AM - 1 PM
2025-07-16T12:23:52+08:00,SC15/WAL,Vegas 90cm Walnut Shoe Cabinet,Assembly,1,18 Jul 2025,1 PM - 5 PM
2025-07-16T12:56:08+08:00,SC15/WAL,Vegas 90cm Walnut Shoe Cabinet,Assembly,1,19 Jul 2025,11 AM - 3 PM
2025-07-16T13:15:16+08:00,CTM11734,Custom Furniture,Custom,1,,
2025-07-16T19:39:01+08:00,SI1680/3036,Monaco 1.6m Pine 4-Door Sideboard,Assembly,1,24 Jul 2025,2 PM - 6 PM
2025-07-16T20:15:41+08:00,Miranda/Storage/Boucle/SuperSingle,Miranda Hydraulic Storage Bedframe,Super Single / Bouclé Fabric,1,15 Aug 2025,8.30 AM - 9.30 AM
2025-07-17T11:38:11+08:00,CU,Soft Close Hinge Upgrade,Upgrade,1,25 Jul 2025,1 PM - 5 PM
2025-07-17T11:38:11+08:00,SI1295/3075-soft close slider,Manhattan Flat Top 1.2m Walnut Sideboard,Assembly,1,25 Jul 2025,1 PM - 5 PM
2025-07-17T11:38:11+08:00,,Soft Closing Slider Upgrade,Sliders / Soft Close,2,25 Jul 2025,1 PM - 5 PM
2025-07-17T12:28:40+08:00,CU,Soft Close Hinge Upgrade,Upgrade,2,5 Aug 2025,4 PM - 8 PM
2025-07-17T12:28:40+08:00,CU,CU Soft Close Hinge Upgrade,,4,5 Aug 2025,2 PM - 6 PM
2025-07-17T12:28:40+08:00,SC15(X2)/WAL,Vegas Walnut 90cm Wide 162cm High Shoe Cabinet,,2,5 Aug 2025,2 PM - 6 PM
2025-07-17T12:28:40+08:00,SC18/WAL,Texas 1.2m Walnut Shoe Cabinet,,2,5 Aug 2025,2 PM - 6 PM
2025-07-17T12:28:40+08:00,SC5(X2) (Take Back),Vegas Oak 1.2m Wide 162m High Shoe Cabinet,Take Back,2,5 Aug 2025,
2025-07-17T13:12:04+08:00,CTM11739 (SR8/3075 + metal legs),Custom Furniture,Custom,1,27 Aug 2025,1 PM - 5 PM
2025-07-17T13:12:04+08:00,,Legs Upgrade,15cm Metal,1,27 Aug 2025,1 PM - 5 PM
2025-07-18T10:12:39+08:00,SC4/WAL,Vegas 60cm Walnut 2-Door Shoe Cabinet,Assembly,1,24 Jul 2025,1 PM - 5 PM
2025-07-18T20:16:07+08:00,SC15/WAL,Vegas 90cm Walnut Shoe Cabinet,Assembly,1,24 Jul 2025,11 AM - 3 PM
2025-07-19T08:52:08+08:00,SC15(X2)/OAK,Vegas Oak 90cm Wide 162cm High Shoe Cabinet,Assembly,1,25 Jul 2025,2 PM - 6 PM
2025-07-19T15:41:20+08:00,SC5,Vegas 1.2m Oak Shoe Cabinet,Assembly,1,1 Aug 2025,10 AM - 1 PM
2025-07-19T16:02:35+08:00,CU,Soft Close Hinge Upgrade,Upgrade,1,24 Jul 2025,4 PM - 8 PM
2025-07-19T16:02:35+08:00,SI1295O/3075,Manhattan 1.2m Walnut Sideboard,Assembly,1,24 Jul 2025,4 PM - 8 PM
2025-07-19T16:25:33+08:00,CU,Soft Close Hinge Upgrade,Upgrade,1,1 Aug 2025,2 PM - 6 PM
2025-07-19T16:25:33+08:00,LOCK,Add lock,Assembly,1,1 Aug 2025,2 PM - 6 PM
2025-07-19T16:25:33+08:00,SC15(X2)/WAL-Add 1 lock (ask eileen),Vegas Walnut 90cm Wide 162cm High Shoe Cabinet,Assembly,1,1 Aug 2025,2 PM - 6 PM
2025-07-19T18:33:01+08:00,CU,Soft Close Hinge Upgrade,Upgrade,1,24 Jul 2025,2 PM - 6 PM
2025-07-19T18:33:01+08:00,SC5/WAL,Vegas 1.2m Walnut 4-Door Shoe Cabinet,Assembly,1,24 Jul 2025,2 PM - 6 PM
2025-07-19T21:58:11+08:00,SB8083/3045,Richie 80cm Shoe Cabinet,Assembly,1,25 Jul 2025,2 PM - 6 PM
2025-07-20T16:25:08+08:00,SC4,Vegas 60cm Oak Shoe Cabinet,Assembly,1,25 Jul 2025,1 PM - 5 PM
2025-07-20T16:42:16+08:00,CTM11749A,Custom Furniture,Custom,1,,
2025-07-20T16:42:16+08:00,CTM11749B,Custom Furniture,Custom,1,,
2025-07-20T16:42:16+08:00,CU,Soft Close Hinge Upgrade,Upgrade,2,,
2025-07-21T15:41:45+08:00,DC1232/3045WH,Eve 1.2m Maple/White Chest Sideboard,Assembly,1,15 Aug 2025,1 PM - 5 PM
2025-07-21T15:41:45+08:00,CU,Soft Close Hinge Upgrade,Upgrade,2,15 Aug 2025,1 PM - 5 PM
2025-07-21T15:41:45+08:00,CU,Soft Close Hinge Upgrade,Upgrade,2,,
2025-07-21T15:41:45+08:00,WD8003/1002T,Vela 80cm Modular Wardrobe,Assembly,1,,
2025-07-22T11:43:32+08:00,SC4,Vegas 60cm Oak Shoe Cabinet,Assembly,1,24 Jul 2025,11 AM - 3 PM
2025-07-22T11:43:32+08:00,SC4(X2),Vegas Oak 60cm Wide 162cm High Shoe Cabinet,Assembly,1,24 Jul 2025,11 AM - 3 PM
2025-07-22T12:14:23+08:00,CTM11752,Custom Furniture,Custom,1,,
2025-07-22T12:14:23+08:00,WD8005/3075,Sera 80cm Modular Wardrobe,Assembly,1,,
2025-07-22T12:14:23+08:00,CU,Soft Close Hinge Upgrade,Assembly,1,,
2025-07-22T16:43:39+08:00,TV1853/OK,Preston 1.8m Oak TV Console Cabinet,Assembly,1,25 Jul 2025,5 PM - 8 PM
2025-07-22T16:54:52+08:00,SS6020/3045,Oxford 60cm 2 Doors Maple Bookcase,Assembly,1,24 Jul 2025,10 AM - 1 PM
2025-07-22T18:03:51+08:00,DC1232/3045WH-Add lock+soft close sliders,Eve 1.2m Maple/White Chest Sideboard,Assembly,1,,
2025-07-22T18:03:51+08:00,CU,Soft Close Hinge Upgrade,Upgrade,1,,
2025-07-22T18:03:51+08:00,,Soft Closing Slider Upgrade,Sliders / Soft Close,3,,
2025-07-22T18:03:51+08:00,,3 Locks,Assembly,1,,
2025-07-22T19:32:00+08:00,CTM11756,Custom Furniture,Custom,1,,
2025-07-22T19:32:00+08:00,WD4002/3036,Kano 40cm Modular Wardrobe,Assembly,1,,
2025-07-22T19:32:00+08:00,,add on drawer,Assembly,1,,
2025-07-22T19:32:00+08:00,CU,Soft Close Hinge Upgrade,Upgrade,1,,
2025-07-22T20:27:13+08:00,CTM11757,Custom Furniture,Custom,1,,
2025-07-22T20:27:13+08:00,CU,Soft Close Hinge Upgrade,Upgrade,2,,
2025-07-22T20:27:13+08:00,WD8009/3036,Rova 80cm Wardrobe,Assembly,1,,
2025-07-23T13:21:20+08:00,SB1283/3064-black plastic legs,Richmond 1.2m Espresso Shoe Cabinet,Assembly,1,25 Jul 2025,2 PM - 6 PM
2025-07-23T13:21:20+08:00,,Legs Upgrade,10cm Black PVC,1,25 Jul 2025,2 PM - 6 PM
2025-07-24T16:43:51+08:00,SC5/WAL,Vegas 1.2m Walnut 4-Door Shoe Cabinet,Assembly,1,25 Jul 2025,1 PM - 5 PM
2025-07-24T20:02:53+08:00,CU,Soft Close Hinge Upgrade,Upgrade,1,1 Aug 2025,11 AM - 3 PM
2025-07-24T20:02:53+08:00,SC15(X2)/WAL,Vegas Walnut 90cm Wide 162cm High Shoe Cabinet,Assembly,1,1 Aug 2025,11 AM - 3 PM
2025-07-25T19:00:01+08:00,SI1295/3045,Manhattan Flat Top 1.2m Maple Sideboard,Assembly,1,1 Aug 2025,1 PM - 5 PM
2025-07-25T19:47:28+08:00,CU,Soft Close Hinge Upgrade,Upgrade,1,1 Aug 2025,11 AM - 3 PM
2025-07-25T19:47:28+08:00,SB1283/3045WH,Richmond 1.2m Maple/White Shoe Cabinet,Assembly,1,1 Aug 2025,11 AM - 3 PM
2025-07-26T12:31:56+08:00,SB4311/3075,Eden 43cm Walnut Shoe Cabinet,Assembly,1,1 Aug 2025,4 PM - 8 PM
2025-07-26T12:40:59+08:00,CU,Soft Close Hinge Upgrade,Upgrade,1,1 Aug 2025,11 AM - 3 PM
2025-07-26T12:40:59+08:00,SC15,Vegas 90cm 3-Door Shoe Cabinet,Assembly,1,1 Aug 2025,11 AM - 3 PM
2025-07-26T14:57:58+08:00,CU,Soft Close Hinge Upgrade,Upgrade,1,5 Aug 2025,2 PM - 6 PM
2025-07-26T14:57:58+08:00,SC18(X2)/WAL,Texas Walnut 1.2m Wide 162m High Shoe Cabinet,Assembly,1,5 Aug 2025,2 PM - 6 PM
2025-07-26T17:22:32+08:00,Miranda/Storage/Boucle/SuperSingle,Miranda Hydraulic Storage Bedframe,Super Single / Bouclé Fabric,1,22 Aug 2025,10 AM - 12 PM
2025-07-26T18:14:56+08:00,SC15/WAL,Vegas 90cm Walnut Shoe Cabinet,Assembly,1,5 Aug 2025,1 PM - 5 PM
2025-07-27T12:02:58+08:00,CU,Soft Close Hinge Upgrade,Upgrade,1,1 Aug 2025,1 PM - 5 PM
2025-07-27T12:02:58+08:00,SC18/WAL,Texas 1.2m Walnut Shoe Cabinet,Assembly,1,1 Aug 2025,1 PM - 5 PM
2025-07-27T14:02:18+08:00,CU,Soft Close Hinge Upgrade,Upgrade,1,1 Aug 2025,11 AM - 3 PM
2025-07-27T14:02:18+08:00,SC18/WAL,Texas 1.2m Walnut Shoe Cabinet,Assembly,1,1 Aug 2025,11 AM - 3 PM
2025-07-27T15:25:05+08:00,CU,Soft Close Hinge Upgrade,Upgrade,2,1 Aug 2025,6 PM - 8 PM
2025-07-27T15:25:05+08:00,SB6001/3036,Archie 60cm Pine Shoe Cabinet,Assembly,1,1 Aug 2025,6 PM - 8 PM
2025-07-27T15:25:05+08:00,TV24/3036,Hamburg 1.6m Pine TV Console Cabinet,Assembly,1,1 Aug 2025,6 PM - 8 PM
2025-07-27T17:42:25+08:00,CU,Soft Close Hinge Upgrade,Upgrade,1,1 Aug 2025,2 PM - 6 PM
2025-07-27T17:42:25+08:00,TV1650/3101-metal legs,Paisley V2 1.6m Ash TV Console Cabinet,Assembly,1,1 Aug 2025,2 PM - 6 PM
2025-07-27T17:42:25+08:00,,Legs Upgrade,15cm Metal,1,1 Aug 2025,2 PM - 6 PM
2025-07-27T17:42:25+08:00,CTM11751,Custom Wardrobe,Assembly,1,,
2025-07-27T18:00:56+08:00,SC5(X2),Vegas Oak 1.2m Wide 162m High Shoe Cabinet,Assembly,1,1 Aug 2025,10 AM - 1 PM
2025-07-27T18:16:17+08:00,WD4021/3036-Door open to the left side,Alto 40cm Modular Wardrobe,Assembly,1,15 Aug 2025,1 PM - 5 PM
2025-07-27T18:22:05+08:00,CU,Soft Close Hinge Upgrade,Upgrade,1,5 Aug 2025,2 PM - 6 PM
2025-07-27T18:22:05+08:00,"SB1283/3075-add ventilation caps, wood legs",Richmond 1.2m Walnut Shoe Cabinet,Assembly,1,5 Aug 2025,2 PM - 6 PM
2025-07-27T18:22:05+08:00,,Legs Upgrade,14.5cm Wood,1,5 Aug 2025,2 PM - 6 PM
2025-07-27T19:09:24+08:00,CU,Soft Close Hinge Upgrade,Upgrade,1,5 Aug 2025,1 PM - 5 PM
2025-07-27T19:09:24+08:00,SC5,Vegas 1.2m Oak Shoe Cabinet,Assembly,1,5 Aug 2025,1 PM - 5 PM
2025-07-27T19:42:25+08:00,SC18/WAL,Texas 1.2m Walnut Shoe Cabinet,Assembly,1,5 Aug 2025,11 AM - 3 PM
2025-07-27T20:05:01+08:00,CU,Soft Close Hinge Upgrade,Upgrade,1,5 Aug 2025,11 AM - 3 PM
2025-07-27T20:05:01+08:00,SI1680/3101-Oak wood Legs,Monaco 1.6m Ash 4-Door Sideboard,Assembly,1,5 Aug 2025,11 AM - 3 PM
2025-07-27T20:05:01+08:00,,Legs Upgrade,14.5cm Wood,1,5 Aug 2025,11 AM - 3 PM
2025-07-27T20:53:06+08:00,SC4,Vegas 60cm Oak Shoe Cabinet,Assembly,1,5 Aug 2025,11 AM - 3 PM
2025-07-27T20:59:09+08:00,SB1283/3045WH,Richmond 1.2m Maple/White Shoe Cabinet,Assembly,1,15 Aug 2025,1 PM - 5 PM
2025-07-28T13:14:08+08:00,CU,Soft Close Hinge Upgrade,Upgrade,1,5 Aug 2025,1 PM - 5 PM
2025-07-28T13:14:08+08:00,SC15(X2),Vegas Oak 90cm Wide 162cm High Shoe Cabinet,Assembly,1,5 Aug 2025,1 PM - 5 PM
2025-07-28T13:51:30+08:00,WD4021/3075,Alto 40cm Modular Wardrobe,Assembly,1,,
2025-07-28T13:51:30+08:00,WD8003/3075,Vela 80cm Modular Wardrobe,Assembly,1,,
2025-07-28T19:06:08+08:00,SC4/WAL,Vegas 60cm Walnut 2-Door Shoe Cabinet,Assembly,1,8 Aug 2025,2 PM - 6 PM
2025-07-28T19:52:53+08:00,BS-TV1565/3064GRYLINEN,Vita 1.5m TV Cabinet,Assembly,1,5 Aug 2025,1 PM - 5 PM
2025-07-28T19:52:53+08:00,TV25/3075,Hamburg 1.8m Walnut TV Console Cabinet,Assembly,1,5 Aug 2025,1 PM - 5 PM
2025-07-28T19:52:53+08:00,SB1048/3075,Vernetta 100cm Walnut Sliding Shoe Bench with Cushion,Assembly,1,3 Sep 2025,
2025-07-28T20:58:47+08:00,CU,Soft Close Hinge Upgrade,Upgrade,1,5 Aug 2025,11 AM - 3 PM
2025-07-28T20:58:47+08:00,SB1283/3045-Black legs,Richmond 1.2m Maple Shoe Cabinet,Assembly,1,5 Aug 2025,11 AM - 3 PM
2025-07-28T20:58:47+08:00,,Legs Upgrade,10cm Black PVC,1,5 Aug 2025,11 AM - 3 PM
2025-07-29T13:13:09+08:00,CU,Soft Close Hinge Upgrade,Upgrade,1,5 Aug 2025,4 PM - 7 PM
2025-07-29T13:13:09+08:00,LOCK,Lock Upgrade,Upgrade,1,5 Aug 2025,4 PM - 7 PM
2025-07-29T13:13:09+08:00,SC18/WAL-Add Lock,Texas 120cm Walnut Shoe Cabinet,Assembly,1,5 Aug 2025,4 PM - 7 PM
2025-07-29T14:08:23+08:00,SC4,Vegas 60cm Oak Shoe Cabinet,Assembly,1,5 Aug 2025,5 PM - 8 PM
2025-07-29T14:50:29+08:00,CU,Soft Close Hinge Upgrade,Upgrade,1,1 Aug 2025,2 PM - 6 PM
2025-07-29T14:50:29+08:00,SB1048/3075,Vernetta 100cm Walnut Sliding Shoe Bench with Cushion,Assembly,1,1 Aug 2025,2 PM - 6 PM
2025-07-29T14:50:29+08:00,SC5/WAL-Add 2 Lock,Vegas 1.2m Walnut 4-Door Shoe Cabinet,Assembly,1,1 Aug 2025,2 PM - 6 PM
2025-07-29T14:50:29+08:00,,Add Lock,Assembly,2,1 Aug 2025,2 PM - 6 PM
2025-07-29T16:51:44+08:00,SS6020/WH,Oxford 60cm White Bookcase,Assembly,1,14 Aug 2025,1 PM -5 PM
2025-07-30T13:21:36+08:00,Single Storage Bed/Blue,Portland Single Storage Bed - Blue Colour,Assembly,1,5 Aug 2025,10 AM - 1 PM
2025-07-30T19:07:56+08:00,SC5/WAL,Vegas 1.2m Walnut 4-Door Shoe Cabinet,Assembly,1,7 Aug 2025,2 PM - 6 PM
2025-07-30T19:07:56+08:00,SC4/WAL,Vegas 60cm Walnut 2-Door Shoe Cabinet,Assembly,1,7 Aug 2025,2 PM - 6 PM
2025-07-30T19:19:39+08:00,SB1283/3045WH-Lock,Richmond 1.2m Maple/White Shoe Cabinet,Assembly,1,7 Aug 2025,1 PM - 5 PM
2025-07-30T19:19:39+08:00,LOCK,Lock Upgrade,Upgrade,1,7 Aug 2025,1 PM - 5 PM
2025-07-31T14:19:27+08:00,P4052/3101,Cyber 2-Drawer Mobile Pedestal Ash,Assembly,1,7 Aug 2025,11 AM - 3 PM
2025-07-31T14:40:25+08:00,Autumn/Storage/Single/PU-1917,Autumn Storage Single Bedframe,Single / PU / PU-1917,1,22 Aug 2025,1 PM - 5 PM
2025-07-31T16:09:00+08:00,BS-Display SIngle Storage Bed,Display Portland Storage Bedframe,Assembly,1,22 Aug 2025,11 AM - 3 PM
2025-08-01T13:16:19+08:00,SC15(X2)/WAL,Vegas Walnut 90cm Wide 162cm High Shoe Cabinet,Assembly,1,7 Aug 2025,2 PM - 6 PM
2025-08-01T23:19:07+08:00,SI1623T/3045,Evie 1.6m Maple Chest Sideboard,Assembly,1,8 Aug 2025,2 PM - 6 PM
2025-08-02T01:42:42+08:00,SC5,Vegas 1.2m Oak Shoe Cabinet,Assembly,1,7 Aug 2025,1 PM - 5 PM
2025-08-02T15:53:25+08:00,SC4/WAL,Vegas 60cm Walnut 2-Door Shoe Cabinet,Assembly,1,7 Aug 2025,1 PM - 5 PM
2025-08-02T15:59:02+08:00,SB8322/3036,Tomi 80cm Pine Storage Cabinet,Assembly,1,7 Aug 2025,11 AM - 3 PM
2025-08-03T00:17:07+08:00,TV1672/3045,Linwood 1.6m Maple TV Console Cabinet,Assembly,1,7 Aug 2025,2 PM - 6 PM
2025-08-03T00:17:07+08:00,CU,Soft Close Hinge Upgrade,Upgrade,1,7 Aug 2025,
2025-08-03T12:40:09+08:00,SC4/WAL,Vegas 60cm Walnut 2-Door Shoe Cabinet,Assembly,1,8 Aug 2025,5 PM - 8 PM
2025-08-03T13:32:02+08:00,SC4(X2)/WAL,Vegas Walnut 60cm Wide 162cm High Shoe Cabinet,Assembly,1,7 Aug 2025,6 PM - 8 PM
2025-08-03T16:26:55+08:00,,Legs Upgrade,Metal to Wood,1,8 Aug 2025,11 AM - 1 PM
2025-08-03T16:26:55+08:00,SI1885/3036-Wood legs,Monaco 1.8m Pine 4-Door Sideboard,Assembly,1,8 Aug 2025,11 AM - 1 PM
2025-08-03T16:26:55+08:00,CU,Soft Close Hinge Upgrade,Upgrade,1,8 Aug 2025,11 AM - 1 PM
2025-08-04T12:52:46+08:00,,Legs Upgrade,15cm Metal,1,7 Aug 2025,11 AM - 3 PM
2025-08-04T12:52:46+08:00,SB1283/3045 - ADD METAL LEGS,Richmond 1.2m Maple Shoe Cabinet,Assembly,1,7 Aug 2025,11 AM - 3 PM
2025-08-04T13:08:20+08:00,LOCK,Lock Upgrade,Upgrade,1,7 Aug 2025,11 AM - 3 PM
2025-08-04T13:08:20+08:00,CU,Soft Close Hinge Upgrade,Upgrade,1,7 Aug 2025,11 AM - 3 PM
2025-08-04T13:08:20+08:00,SC15/WAL-Lock,Vegas 90cm Walnut Shoe Cabinet,Assembly,1,7 Aug 2025,11 AM - 3 PM
2025-08-04T15:41:10+08:00,SC4,Vegas 60cm Oak Shoe Cabinet,Assembly,1,8 Aug 2025,11 AM - 3 PM
2025-08-05T12:15:07+08:00,Autumn/Super Single/PU-1919,Autumn Divan Super Single Bedframe,Super Single / Faux Leather,1,27 Aug 2025,11AM - 3 PM
2025-08-05T12:15:07+08:00,"Vigor 13""/SuperSingle","Luxe 13"" Super Single Mattress",Super Single / Faux Leather,1,27 Aug 2025,11AM - 3 PM
2025-08-05T19:08:43+08:00,"3"" Storage Headboard-PL007",Portland Headboard Only,Assembly,1,20 Aug 2025,10 AM - 12 PM
2025-08-05T19:08:43+08:00,,Redelivery Fee,Assembly,1,20 Aug 2025,10 AM - 12 PM
2025-08-05T23:35:07+08:00,SC5/WAL,Vegas 1.2m Walnut 4-Door Shoe Cabinet,Assembly,1,8 Aug 2025,2 PM - 6 PM
2025-08-06T10:19:12+08:00,SR4/3075,Munich 1.2m Walnut Highboard Storage Cabinet,Assembly,1,8 Aug 2025,1 PM - 5 PM
2025-08-06T10:19:12+08:00,CU,Soft Close Hinge Upgrade,Upgrade,1,8 Aug 2025,1 PM - 5 PM
2025-08-07T12:01:40+08:00,SC5/WAL,Vegas 1.2m Walnut 4-Door Shoe Cabinet,Assembly,1,15 Aug 2025,1 PM - 5 PM
2025-08-07T20:15:42+08:00,SB1283/3075,Richmond 1.2m Walnut Shoe Cabinet,Assembly,1,14 Aug 2025,1 PM - 5 PM
2025-08-07T20:15:42+08:00,CU,Soft Close Hinge Upgrade,Upgrade,1,14 Aug 2025,1 PM - 5 PM
2025-08-08T13:34:52+08:00,SB8311/3018WH,Brighton 80cm Oak/White Shoe Cabinet,Assembly,1,15 Aug 2025,11 AM - 3 PM
2025-08-08T20:15:33+08:00,SR4/3075,Munich 1.2m Walnut Highboard Storage Cabinet,Assembly,1,22 Aug 2025,1 PM - 5 PM
2025-08-08T23:04:08+08:00,SC5,Vegas 1.2m Oak Shoe Cabinet,Assembly,1,14 Aug 2025,10 AM - 1 PM
2025-08-08T23:21:24+08:00,SI1885/3075,Monaco 1.8m Walnut 4-Door Sideboard,Assembly,1,15 Aug 2025,11 AM - 3 PM
2025-08-09T12:36:06+08:00,SC18(X2)/WAL,Texas Walnut 1.2m Wide 162m High Shoe Cabinet,Assembly,1,14 Aug 2025,1 PM - 5 PM
2025-08-09T12:50:34+08:00,Tranquil/Single,"Basic 7"" Rebonded Foam Mattress",Single,1,29 Aug 2025,2 PM - 6 PM
2025-08-09T12:50:34+08:00,Single Divan Bedframe,Single Divan Bedframe,Assembly,1,29 Aug 2025,2 PM - 6 PM
2025-08-09T19:06:07+08:00,SC15(X2)/WAL,Vegas Walnut 90cm Wide 162cm High Shoe Cabinet,Assembly,1,14 Aug 2025,1 PM - 5 PM
2025-08-10T13:13:24+08:00,SC18/WAL,Texas 1.2m Walnut Shoe Cabinet,Assembly,1,14 Aug 2025,5 PM - 8 PM
2025-08-10T13:13:24+08:00,CU,Soft Close Hinge Upgrade,Upgrade,1,14 Aug 2025,5 PM - 8 PM
2025-08-10T15:13:40+08:00,"DC1289/3045-NOLEGS, HDL172-128-SS",Nora 60cm 4-Drawer Maple Chest of Drawers,Assembly,1,,
2025-08-10T15:13:40+08:00,CH,Handle Upgrade (HDL172-128-SS),Upgrade,4,,
2025-08-10T15:13:40+08:00,CH,Handle Upgrade (HDL182-64-ATC) FOR CUSTOM,Upgrade,6,,
2025-08-10T15:13:40+08:00,CTM11752C/NOLEGS,Custom Furniture CTM11752C,Custom,1,,
2025-08-10T18:20:05+08:00,CU,Soft Close Hinge Upgrade,Upgrade,2,15 Aug 2025,5 PM - 8 PM
2025-08-10T18:20:05+08:00,SB1283/3075,Richmond 1.2m Walnut Shoe Cabinet,Assembly,2,15 Aug 2025,5 PM - 8 PM
2025-08-10T20:51:48+08:00,SR7/3075-NO LEGS,Hamburg 1.6m Walnut Sideboard,Assembly,2,,2 PM - 6 PM
2025-08-31T15:53:18+08:00,SB8083/3045,Richie 80cm Shoe Cabinet,Assembly,1,9 Sep 2025,10 AM - 1 PM
2025-08-31T23:08:08+08:00,SC5(X2),Vegas Oak 1.2m Wide 162m High Shoe Cabinet,Assembly,1,9 Sep 2025,11 AM - 3 PM
2025-08-31T14:25:18+08:00,SC4/WAL,Vegas 60cm Walnut 2-Door Shoe Cabinet,Assembly,1,9 Sep 2025,11 AM - 3 PM
2025-08-11T12:54:28+08:00,SC18/WAL,Texas 1.2m Walnut Shoe Cabinet,Assembly,1,14 Aug 2025,10 AM - 12 PM
2025-08-11T15:00:45+08:00,CH,Handle Upgrade,Upgrade,2,20 Aug 2025,
2025-08-11T15:39:42+08:00,SC5/WAL,Vegas 1.2m Walnut Shoe Cabinet,Assembly,1,14 Aug 2025,5 PM - 8 PM
2025-08-11T18:00:31+08:00,SI1680/3075,Monaco 1.6m Walnut 4-Door Sideboard,Assembly,2,15 Aug 2025,10 AM - 12 PM
2025-08-11T21:09:07+08:00,SC15/WAL,Vegas 90cm Walnut Shoe Cabinet,Assembly,1,14 Aug 2025,6 PM - 8 PM
2025-08-12T12:15:35+08:00,SC15/WAL,Vegas 90cm Walnut Shoe Cabinet,Assembly,1,15 Aug 2025,5 PM - 8 PM
2025-08-12T12:15:35+08:00,CU,Soft Close Hinge Upgrade,Upgrade,1,15 Aug 2025,5 PM - 8 PM
2025-08-12T15:31:35+08:00,SC4(X2)/WAL,Vegas Walnut 60cm Wide 162cm High Shoe Cabinet,Assembly,1,14 Aug 2025,11 AM - 3 PM
2025-08-12T19:07:10+08:00,SC5/WAL,Vegas 1.2m Walnut 4-Door Shoe Cabinet,Assembly,1,14 Aug 2025,2 PM - 6 PM
2025-08-12T21:00:11+08:00,SB1283/3075,Richmond 1.2m Walnut Shoe Cabinet,Assembly,1,15 Aug 2025,11 AM - 3 PM
2025-08-12T21:21:56+08:00,SC5,Vegas 1.2m Oak Shoe Cabinet,Assembly,1,15 Aug 2025,11 AM - 3 PM
2025-08-14T11:00:07+08:00,SB6001/3036,Archie 60cm Pine Shoe Cabinet,Assembly,1,15 Aug 2025,4 PM - 8 PM
2025-08-14T15:51:16+08:00,SB1283/3045,Richmond 1.2m Maple Shoe Cabinet,Assembly,1,20 Aug 2025,1 PM - 5 PM
2025-08-14T16:00:05+08:00,SC4/WAL,Vegas 60cm Walnut 2-Door Shoe Cabinet,Assembly,1,20 Aug 2025,1 PM - 5 PM
2025-08-14T16:10:04+08:00,CU,Soft Close Hinge Upgrade,Upgrade,1,20 Aug 2025,2 PM - 6 PM
2025-08-14T16:10:04+08:00,SC15/WAL,Vegas 90cm Walnut Shoe Cabinet,Assembly,1,20 Aug 2025,2 PM - 6 PM
2025-08-15T16:09:26+08:00,SI1680/3075,Monaco 1.6m Walnut 4-Door Sideboard,Assembly,1,20 Aug 2025,1 PM - 5 PM
2025-08-15T16:09:26+08:00,TV1634/3075,Paisley 1.6m Walnut TV Console Cabinet,Assembly,1,20 Aug 2025,1 PM - 5 PM
2025-08-15T18:35:02+08:00,SI1295O/3045,Manhattan O 1.2m Maple Sideboard,Assembly,1,20 Aug 2025,2 PM - 6 PM
2025-08-15T19:36:08+08:00,CU,Soft Close Hinge Upgrade,Upgrade,1,20 Aug 2025,10 AM - 12 PM
2025-08-15T19:36:08+08:00,SB1283/3045-Black plastic legs,Richmond 1.2m Maple Shoe Cabinet,Assembly,1,20 Aug 2025,10 AM - 12 PM
2025-08-15T19:36:08+08:00,,Legs Upgrade,10cm Black Plastic Legs,1,20 Aug 2025,10 AM - 12 PM
2025-08-15T20:00:46+08:00,SR2/3045-Metal legs,Bremen 80cm Maple Storage Cabinet,Assembly,2,22 Aug 2025,1 PM - 5 PM
2025-08-15T20:00:46+08:00,,Legs Upgrade,Wood to Metal,1,22 Aug 2025,1 PM - 5 PM
2025-08-16T12:48:55+08:00,BS-SI1295O/3045MB,Manhattan O 1.2m Maple/Concrete Sideboard,Assembly,1,20 Aug 2025,11 AM - 3 PM
2025-08-16T14:23:12+08:00,DC8036/3045WH,Union 80cm Chest of 6 Drawers,Assembly,1,20 Aug 2025,1 PM - 5 PM
2025-08-16T14:30:13+08:00,KI-SR7/3036WH(Premium),Hamburg 1.6m Pine/White Sideboard,Assembly,1,22 Aug 2025,2 PM - 6 PM
2025-08-16T18:07:53+08:00,SI1623T/3075,Evie 1.6m Walnut Chest Sideboard,Assembly,1,10 Oct 2025,
2025-08-16T18:07:53+08:00,SS6202/3075,Warwick 60cm Walnut Bookcase Display Shelf,Assembly,1,10 Oct 2025,
2025-08-16T18:41:23+08:00,SC15/WAL,Vegas 90cm Walnut Shoe Cabinet,Assembly,1,22 Aug 2025,6 PM - 8 PM
2025-08-16T19:28:33+08:00,SC4,Vegas 60cm Oak Shoe Cabinet,Assembly,1,22 Aug 2025,2 PM - 6 PM
2025-08-16T19:30:04+08:00,SC4/WAL,Vegas 60cm Walnut 2-Door Shoe Cabinet,Assembly,1,20 Aug 2025,11 AM - 3 PM
2025-08-16T19:51:37+08:00,SI1295/3075,Manhattan Flat Top 1.2m Walnut Sideboard,Assembly,1,22 Aug 2025,5 PM - 8 PM
2025-08-16T19:51:37+08:00,SC15/WAL,Vegas 90cm Walnut Shoe Cabinet,Assembly,1,22 Aug 2025,5 PM - 8 PM
2025-08-16T20:00:37+08:00,BS-SC15/WAL,Vegas 90cm Walnut Shoe Cabinet,Assembly,1,20 Aug 2025,5 PM - 8 PM
2025-08-17T10:50:37+08:00,SC5/WAL,Vegas 1.2m Walnut 4-Door Shoe Cabinet,Assembly,1,22 Aug 2025,4 PM - 8 PM
2025-08-17T13:48:23+08:00,SC18/WAL,Texas 1.2m Walnut Shoe Cabinet,Assembly,1,20 Aug 2025,11 AM - 3 PM
2025-08-17T16:42:26+08:00,SC5,Vegas 1.2m Oak Shoe Cabinet,Assembly,1,22 Aug 2025,2 PM - 6 PM
2025-08-17T16:42:26+08:00,CU,Soft Close Hinge Upgrade,Upgrade,1,22 Aug 2025,2 PM - 6 PM
2025-08-17T18:20:01+08:00,SC18/WAL,Texas 1.2m Walnut Shoe Cabinet,Assembly,1,20 Aug 2025,2 PM - 6 PM
2025-08-17T18:20:01+08:00,CU,Soft Close Hinge Upgrade,Upgrade,1,20 Aug 2025,2 PM - 6 PM
2025-08-17T18:48:54+08:00,SB1283/3075,Richmond 1.2m Walnut Shoe Cabinet,Assembly,1,20 Aug 2025,11 AM - 3 PM
2025-08-17T19:29:07+08:00,SC15/WAL,Vegas 90cm Walnut Shoe Cabinet,Assembly,1,,
2025-08-18T12:49:18+08:00,DC8036/3045WH,Union 80cm Chest of 6 Drawers,Assembly,1,20 Aug 2025,6 PM - 8 PM
2025-08-18T12:49:18+08:00,TV1853/3036,Preston 1.8m Pine TV Console Cabinet,Assembly,1,20 Aug 2025,6 PM - 8 PM
2025-08-18T15:08:07+08:00,SB8312/3045WH,Brighton 80cm Oak/White Shoe Cabinet,Assembly,1,22 Aug 2025,11 AM - 3 PM
2025-08-18T17:36:22+08:00,SB8083/4046,Richie 80cm Shoe Cabinet,Assembly,1,,
2025-08-18T17:36:22+08:00,CU,Soft Close Hinge Upgrade,Upgrade,1,,
2025-08-18T18:14:43+08:00,SC5/WAL,Vegas 1.2m Walnut 4-Door Shoe Cabinet,Assembly,1,22 Aug 2025,11 AM - 3 PM
2025-08-18T22:00:12+08:00,SB6304/3045,Nara 60cm Wide 1.8m Maple Tall Shoe Cabinet,Assembly,1,22 Aug 2025,1 PM - 5 PM
2025-08-18T22:37:09+08:00,TV1634/3045,Paisley 1.6m Maple TV Console Cabinet,Assembly,1,22 Aug 2025,10 AM - 12 PM
2025-08-18T22:37:09+08:00,CU,Soft Close Hinge Upgrade,Upgrade,1,22 Aug 2025,10 AM - 12 PM
2025-08-19T13:42:08+08:00,SC5,Vegas 1.2m Oak Shoe Cabinet,Assembly,1,27 Aug 2025,2 PM - 6 PM
2025-08-19T15:39:01+08:00,SB8083/3045,Richie 80cm Maple High Shoe Cabinet,Assembly,1,27 Aug 2025,2 PM - 6 PM
2025-08-19T15:39:01+08:00,SI1885/3045-Wood Legs,Monaco 1.8m Maple 4-Door Sideboard,Assembly,1,27 Aug 2025,2 PM - 6 PM
2025-08-19T15:39:01+08:00,SR4/3036-Wood Legs,Munich 1.2m Pine Highboard Storage Cabinet,Assembly,1,27 Aug 2025,2 PM - 6 PM
2025-08-19T15:39:01+08:00,TV1672/3045-Wood Legs,Linwood 1.6m Maple TV Console Cabinet,Assembly,2,27 Aug 2025,2 PM - 6 PM
2025-08-19T15:39:01+08:00,,Legs Upgrade,Metal to Wood,4,27 Aug 2025,2 PM - 6 PM
2025-08-19T15:39:01+08:00,SB8083/3045,Richie 80cm Maple High Shoe Cabinet,Assembly,1,29 Aug 2025,10 AM - 12 PM
2025-08-20T11:14:10+08:00,CU,Soft Close Hinge Upgrade,Upgrade,1,27 Aug 2025,1 PM - 5 PM
2025-08-20T11:14:10+08:00,SC4,Vegas 60cm Oak Shoe Cabinet,Assembly,1,27 Aug 2025,1 PM - 5 PM
2025-08-31T14:44:29+08:00,DC1254/3036WH,Cubic 1.2m Pine/White Chest Sideboard,Assembly,1,5 Sep 2025,10 AM - 1 PM
2025-08-20T14:11:37+08:00,CU,Soft Close Hinge Upgrade,Upgrade,1,5 Sep 2025,10 AM - 1 PM
2025-08-20T15:21:20+08:00,SC15,Vegas 90cm 3-Door Shoe Cabinet,Assembly,1,27 Aug 2025,10 AM - 12 PM
2025-08-20T16:28:02+08:00,SC5/OAK,Vegas 1.2m Oak 4-Door Shoe Cabinet,Assembly,1,27 Aug 2025,4 PM - 8 PM
2025-08-20T20:25:30+08:00,SC18/WAL,Texas 1.2m Walnut Shoe Cabinet,Assembly,1,27 Aug 2025,6 PM - 8 PM
2025-08-20T22:37:17+08:00,WD8003/3075,Vela 80cm Modular Wardrobe,Assembly,1,,
2025-08-21T18:53:21+08:00,CU,Soft Close Hinge Upgrade,Upgrade,1,29 Aug 2025,4 PM - 8 PM
2025-08-21T18:53:21+08:00,SC5,Vegas 1.2m Oak Shoe Cabinet,Assembly,1,29 Aug 2025,4 PM - 8 PM
2025-08-21T19:50:08+08:00,SC5/WAL,Vegas 1.2m Walnut 4-Door Shoe Cabinet,Assembly,1,29 Aug 2025,11 AM - 2 PM
2025-08-22T20:04:23+08:00,"11.5"" Hotel Choice/Queen","Elite 11.5"" Queen Pocket Spring Mattress",Queen,1,,
2025-08-22T20:04:23+08:00,Leo/PU/Queen/1916,Leo Queen Bedframe - 1916 Divan,Queen / Faux Leather,1,,
2025-08-22T20:37:14+08:00,SC4/WAL - stack,Vegas 60cm Walnut 2-Door Shoe Cabinet,Assembly,1,27 Aug 2025,10 AM - 12 PM
2025-08-22T20:37:14+08:00,SC5/WAL - stack,Vegas 1.2m Walnut 4-Door Shoe Cabinet,Assembly,1,27 Aug 2025,10 AM - 12 PM
2025-08-20T14:11:37+08:00,TV25/3075-no handles,Hamburg 1.8m Walnut TV Console Cabinet,Assembly,1,5 Sep 2025,10 AM - 1 PM
2025-08-31T14:42:23+08:00,SI1295/3045,Manhattan Flat Top 1.2m Maple Sideboard,Assembly,1,5 Sep 2025,10 AM - 1 PM
2025-08-23T11:15:20+08:00,CU,Soft Close Hinge Upgrade,Upgrade,1,12 Sep 2025,
2025-08-23T11:15:20+08:00,SC18/WAL,Texas 1.2m Walnut Shoe Cabinet,Assembly,1,12 Sep 2025,
2025-08-23T11:39:06+08:00,SB8322/3036,Tomi 80cm Pine Storage Cabinet,Assembly,1,27 Aug 2025,1 PM - 5 PM
2025-08-23T13:48:12+08:00,SC18/WAL,Texas 1.2m Walnut Shoe Cabinet,Assembly,1,29 Aug 2025,1 PM - 5 PM
2025-08-23T14:09:23+08:00,SB8083/3036-Dont instal legs but deliver them together,Richie 80cm Shoe Cabinet,Assembly,1,29 Aug 2025,1 PM - 5 PM
2025-08-23T14:45:07+08:00,SC4-no soft close,Vegas 60cm Oak Shoe Cabinet,Assembly,1,29 Aug 2025,1 PM - 5 PM
2025-08-23T14:45:07+08:00,SC15/WAL - Softclose,Vegas 90cm Walnut Shoe Cabinet,Assembly,1,,
2025-08-23T14:45:07+08:00,CU,Soft Close Hinge Upgrade,Upgrade,1,,
2025-08-23T17:41:54+08:00,SC15,Vegas 90cm 3-Door Shoe Cabinet,Assembly,1,29 Aug 2025,10 AM - 12 PM
2025-08-23T21:04:22+08:00,CU,Soft Close Hinge Upgrade,Upgrade,1,27 Aug 2025,11AM - 3 PM
2025-08-23T21:04:22+08:00,BS-SB6304/3064,Nara 60cm Wide 1.8m Espresso Tall Shoe Cabinet,Assembly,1,27 Aug 2025,11AM - 3 PM
2025-08-24T14:24:07+08:00,Spring/PU/super single/1918,Spring super single PU -1918 Divan bedframe ,Super Single / Faux Leather,1,,
2025-08-24T14:24:07+08:00,Tranquil/Super Single,Basic Mattress 7 inch super single,Super Single / Faux Leather,1,,
2025-08-24T14:29:05+08:00,SI1685/3064,Monaco 1.6m Espresso 4-Door Sideboard,Assembly,1,27 Aug 2025,5 PM - 8 PM
2025-08-24T14:48:57+08:00,SS6202/3075,Warwick 60cm Walnut Bookcase Display Shelf,Assembly,1,27 Aug 2025,2 PM - 6 PM
2025-08-24T15:53:28+08:00,SB1283/3075-stack,Richmond 1.2m Walnut Shoe Cabinet,Assembly,2,,
2025-08-24T15:53:28+08:00,CU,Soft Close Hinge Upgrade,Upgrade,2,,
2025-08-24T16:11:59+08:00,CU,Soft Close Hinge Upgrade,Upgrade,1,29 Aug 2025,11 AM - 2 PM
2025-08-24T16:11:59+08:00,SC15,Vegas 90cm 3-Door Shoe Cabinet,Assembly,1,29 Aug 2025,11 AM - 2 PM
2025-08-24T16:40:50+08:00,SB8083(X2)/3075,Richie 80cm Walnut High Shoe Cabinet,Assembly,1,29 Aug 2025,2 PM - 6 PM
2025-08-24T19:04:08+08:00,SC5/WAL,Vegas 1.2m Walnut 4-Door Shoe Cabinet,Assembly,1,29 Aug 2025,11 AM - 2 PM
2025-08-24T21:30:09+08:00,SC4/WAL,Vegas 60cm Walnut 2-Door Shoe Cabinet,Assembly,1,29 Aug 2025,10 AM - 12 PM
2025-08-25T02:16:06+08:00,SC4(X2),Vegas Oak 60cm Wide 162cm High Shoe Cabinet,Assembly,1,29 Aug 2025,5 PM - 8 PM
2025-08-25T08:42:00+08:00,SB1048/3075,Vernetta 100cm Walnut Sliding Shoe Bench with Cushion,Assembly,1,29 Aug 2025,6 PM - 8 PM
2025-08-25T08:42:00+08:00,SC15,Vegas 90cm 3-Door Shoe Cabinet,Assembly,1,29 Aug 2025,6 PM - 8 PM
2025-08-25T11:47:32+08:00,SC4,Vegas 60cm Oak Shoe Cabinet,Assembly,1,29 Aug 2025,11 AM - 2 PM
2025-08-31T14:25:18+08:00,CU,Soft Close Hinge Upgrade,Upgrade,1,9 Sep 2025,11 AM - 3 PM
2025-08-31T14:42:23+08:00,SS6202/3045,Warwick 60cm Maple Bookcase Display Shelf,Assembly,1,5 Sep 2025,10 AM - 1 PM
2025-08-29T20:30:35+08:00,SC5(X2),Vegas Oak 1.2m Wide 162m High Shoe Cabinet,Assembly,1,5 Sep 2025,11 AM - 3 PM
2025-08-29T20:19:27+08:00,SC18/WAL,Texas 1.2m Walnut Shoe Cabinet,Assembly,1,5 Sep 2025,11 AM - 3 PM
2025-08-25T17:13:30+08:00,SC15/WAL,Vegas 90cm Walnut Shoe Cabinet,Assembly,1,,
2025-08-25T19:29:00+08:00,SC18/WAL,Texas 1.2m Walnut Shoe Cabinet,Assembly,1,29 Aug 2025,1 PM - 5 PM
2025-08-27T11:48:35+08:00,SI1295/3075,Manhattan Flat Top 1.2m Walnut Sideboard,Assembly,1,29 Aug 2025,2 PM - 6 PM
2025-08-27T11:48:35+08:00,SC18/WAL,Texas 1.2m Walnut Shoe Cabinet,Assembly,1,29 Aug 2025,2 PM - 6 PM
2025-08-27T11:48:35+08:00,CU,Soft Close Hinge Upgrade,Upgrade,2,29 Aug 2025,2 PM - 6 PM
2025-08-28T13:29:51+08:00,SC5/WAL,Vegas 1.2m Walnut 4-Door Shoe Cabinet,Assembly,1,29 Aug 2025,2 PM - 6 PM
2025-08-28T14:43:59+08:00,SF50,Industrial Grade Stretch Film Shrink Wrap,Clear,3,28 Aug 2025,
2025-08-28T20:23:23+08:00,SC5,Vegas 1.2m Oak Shoe Cabinet,Assembly,1,5 Sep 2025,11 AM - 3 PM
2025-08-30T09:57:47+08:00,TV24/1.6/3075,Hamburg 1.6m Walnut TV Console Cabinet,Assembly,1,5 Sep 2025,11 AM - 3 PM
2025-08-28T14:47:10+08:00,CU,Soft Close Hinge Upgrade,Upgrade,1,5 Sep 2025,1 PM - 5 PM
2025-08-28T14:47:10+08:00,SI1685/3101,Monaco 1.6m Ash 4-Door Sideboard,Assembly,1,5 Sep 2025,1 PM - 5 PM
2025-09-01T19:11:20+08:00,SC15(X2),Vegas Oak 90cm Wide 162cm High Shoe Cabinet,Assembly,1,5 Sep 2025,1 PM - 5 PM
,,Drop off,,1,1 Aug 2025,
,Dropoff items ,Dropoff items @ Kinex shop,Assembly,1,7 Aug 2025,
,Beds Display,Single Storage bed,Assembly,1,14 Aug 2025,11 AM - 3 PM
,Beds Display,Headboard and colour sample,Assembly,3,14 Aug 2025,11 AM - 3 PM
,SC5 (X2)/OAK,Vegas 120cm Oak High Shoe Cabinet,Assembly,1,15 Aug 2025,
,SC18/WAL,Texas 120cm Walnut Shoe Cabinet,Assembly,1,15 Aug 2025,
,SB1003/3018WH,Cardiff Sliding Door Cabinet,Assembly,1,15 Aug 2025,
,SI1623/3075,Evie 1.6m Walnut Chest Sideboard,Assembly,1,15 Aug 2025,
,TV1853/3075,Preston 1.8m TV Cabinet,Assembly,1,15 Aug 2025,
,SB8312/3018,Brighton 80cm Oak/White Shoe Cabinet,Assembly,1,15 Aug 2025,
,SS4001WD/3045,Denver DIsplay Cabinet,Assembly,1,15 Aug 2025,
,SS1236/3075,Princeton Display Shelves,Assembly,1,15 Aug 2025,
,,Manhattan overhang Sideboard,Assembly,1,15 Aug 2025,
,T1221,120cm Study Desk,Assembly,1,15 Aug 2025,
,SS1236/3075,Princeton Display Shelves,Assembly,1,15 Aug 2025,
,Alpha Chair,alpha chair,Assembly,,22 Aug 2025,
,Noun Desk,noun desk,Self-Assembly,,22 Aug 2025,
,SR7/3036,hamburg 1.6,Assembly,,22 Aug 2025,
,SR8/3036,munich 3 tier,Assembly,,22 Aug 2025,
,SB1204,Nara 120cm,Assembly,,22 Aug 2025,
,DC1606,Verona 1.6,Assembly,,22 Aug 2025,
,Essential/SS,Essential super single mattress,,1,27 Aug 2025,1 PM - 5 PM
,Pull out Bed-Single/Single,Pull out bedframe - Single/Single,,1,27 Aug 2025,1 PM - 5 PM
,Ladder,Ladder,,1,27 Aug 2025,1 PM - 5 PM
,SR6/3036WH,Hamburg 1.4 sideboard,,1,27 Aug 2025,1 PM - 5 PM
,SC4/WAL,Vegas 2 Shoe Cabinet Walnut,Assembly,1,27 Aug 2025,1 PM - 5 PM
,TV1801,TV Cabinet,Assembly,1,27 Aug 2025,1 PM - 5 PM
,"10"" Sensation Single Mattress","10"" Sensation Mattress",Assembly,1,6 Aug 2025,
,"11.5"" Hotel Choice Single Mattress","11.5"" Hotel Choice Pocket Spring Mattress",Assembly,1,6 Aug 2025,
,"13"" Vigor Single Mattress","13"" Vigor Ice Cool Latex Pocket Spring Mattress",Assembly,1,6 Aug 2025,
,"7"" Tranquil Single Mattress","7"" Tranquil Foam Mattress",Assembly,1,6 Aug 2025,
,DC1408/3045WH,Alexis,Assembly,1,6 Aug 2025,
,SR2/3036,Bremen,Assembly,1,6 Aug 2025,
,SB8312/3018WH,Brighton,Assembly,1,6 Aug 2025,
,BT4550/3045,Cubo,Assembly,1,6 Aug 2025,
,DC1232/3075,Eve,Assembly,1,6 Aug 2025,
,SR5/3075,Hamburg-S 1.2,Assembly,1,6 Aug 2025,
,SR7/3036,Hamburg-S 1.6,Assembly,1,6 Aug 2025,
,Legs Sample (Afif),Legs Sample,Assembly,1,6 Aug 2025,
,TV1671/3045,Linwood,Assembly,1,6 Aug 2025,
,SI1295/3036,Manhattan,Assembly,1,6 Aug 2025,
,SI1685/3101,Monaco 1.6,Assembly,1,6 Aug 2025,
,SR4/3036,Munich,Assembly,1,6 Aug 2025,
,SS6020/3018WH,Oxford,Assembly,1,6 Aug 2025,
,TV1634/3018,Paisley,Assembly,1,6 Aug 2025,
,TV1650/3101,Paisley V2,Assembly,1,6 Aug 2025,
,SB8083 (X2)/3036,Richie High,Assembly,1,6 Aug 2025,
,SB1283/3045,Richmond,Assembly,1,6 Aug 2025,
,CTM27,Showroom Desk,Assembly,2,6 Aug 2025,
,SC18/WALNUT,Vegas 120cm,Assembly,1,6 Aug 2025,
,SC4/OAK,Vegas 60cm,Assembly,1,6 Aug 2025,
,SC15/WALNUT,Vegas 90cm,Assembly,1,6 Aug 2025,
,TV1565/3036,Vita 1.5,Assembly,1,6 Aug 2025,
,P4052/3045,2 Drw Pedestal,Assembly,1,7 Aug 2025,
,DC1254/3036WH*,Cubic,Assembly,1,7 Aug 2025,
,SB4301/3036,Eden,Assembly,1,7 Aug 2025,
,TV24/WH3036,Hamburg 1.6,Assembly,1,7 Aug 2025,
,WD4002/3036,Kano 40cm,Assembly,1,7 Aug 2025,
,SB6330/3045*,Kyoto,Assembly,1,7 Aug 2025,
,SI1295O/3045-4046 Top,Manhattan-O,Assembly,1,7 Aug 2025,
,SI1680/3045,Monaco-S,Assembly,1,7 Aug 2025,
,SB6304/3036,Nara,Assembly,1,7 Aug 2025,
,DC1289/3018WH,Nora,Assembly,1,7 Aug 2025,
,SB8083/3045,Richie,Assembly,1,7 Aug 2025,
,CTM18,Showroom Storage Cabinet,Assembly,1,7 Aug 2025,
,T1221/3045,Theta,Assembly,1,7 Aug 2025,
,DC8036/3021WH,Union,Assembly,1,7 Aug 2025,
,SC5/OAK,Vegas 120cm,Assembly,1,7 Aug 2025,
,SC4(X2)/WAL,Vegas 60cm,Assembly,1,7 Aug 2025,
,WD8003/3036,Vela 80cm,Assembly,1,7 Aug 2025,
,SB10483036,Vernetta,Assembly,1,7 Aug 2025,
,SS6202/3075,Warwick,Assembly,1,7 Aug 2025,
,Dropoff items ,Dropoff items @ Kinex shop,Assembly,1,8 Aug 2025,
,Pickup items from warehouse,"Pickup Kinex display items from the warehouse.
Refer to pickup list",Assembly,20,7 Aug 2025,
,,Pickup boards,,1,1 Aug 2025,
,,Pickup,,1,1 Aug 2025,
,,Pickup items from WH and deliver to Kinex on 15 Aug,,,14 Aug 2025,
2024-12-08T16:10:24+08:00,CTM10503B,"Top panel, align door",Servicing,1,,
2025-01-28T15:26:02+08:00,CTM10909,align doors,Servicing,1,22 Aug 2025,
2025-02-09T18:43:46+08:00,SB1283/Maple,cut an extra cm for the ventilation hole. ,Servicing,1,10 Jun 2025,
2025-02-09T18:43:46+08:00,"SB1283/Maple-Middle door, top and bottom panel",Deliver ventilation caps,Servicing,1,1 Jul 2025,
2025-02-16T17:20:34+08:00,1049 Drawers Bed/omi01-rawer back and baseboard ,replace drawer back and baseboard,Assembly,1,27 May 2025,
2025-04-06T13:15:30+08:00,Zara/Divan/Queen/PL-012,Assemble 2 Queen Divan + 1 Queen Storage,Queen / Divan,2,17 Jul 2025,2 PM - 4 PM
2025-04-12T13:36:42+08:00,CTM11291,help EBL to carry item,Custom,1,28 May 2025,
2025-04-27T12:06:30+08:00,CTM11355,Custom Furniture,Custom,1,4 Jun 2025,After
2025-05-20T23:47:43+08:00,CTM11467 (Assemble on-site),Assemble on site,Custom,1,17 Jul 2025,After EBL deliver
2025-05-20T23:47:43+08:00,CTM11467 (Assemble on-site),Install legs,Custom,1,18 Jul 2025,9:00 AM
2025-05-23T19:52:11+08:00,Miranda/Storage/SuperSingle,Miranda Fabric Divan Bedframe,Storage (Hydraulic) / Super Single,1,26 Jun 2025,
2025-05-28T13:06:24+08:00,CTM11495,rectify drawer lock issue,Custom,1,21 Jul 2025,AFTER 4 OR 5PM
2025-05-30T16:48:48+08:00,Elizabeth/Divan/Single (Custom width 89cm),assemble bed,Servicing,1,18 Jul 2025,2 PM - 4 PM
2025-05-31T14:35:46+08:00,Miranda/Storage/SuperSingle/PL017,Install bottom panel,Assembly,1,18 Jul 2025,4 PM - 6 PM
2025-06-01T17:01:41+08:00,Zara/Storage/Queen/ML07,collect back,Servicing,1,17 Jul 2025,3 PM - 5 PM
2025-06-01T19:29:05+08:00,CTM11523 (SB8311/Espresso),rectify drawer issue,Servicing,1,11 Jul 2025,
2025-06-07T20:57:24+08:00,Miranda/Storage/Boucle/Queen,assemble storage bed,Queen / Bouclé Fabric,1,18 Jul 2025,4 PM - 6 PM
2025-06-14T15:14:46+08:00,1039 Pull Out/SS-S/PL016,Millie Pull-out Fabric Bedframe - PL016,Super Single-Single,1,24 Jul 2025,4 PM - 6 PM
2025-06-14T15:14:46+08:00,SB7/SB6-NBG10 Pull-out Bedframe,SB7/SB6-NBG10 Pull-out Bedframe,Servicing,1,27 Aug 2025,4 PM - 6 PM
2025-06-20T17:09:50+08:00,Zara/Divan/Leather/Queen/ML-00,Zara Divan Bedframe - ML00 (no legs),Queen / Faux Leather,1,25 Jul 2025,
2025-06-20T17:09:50+08:00,Zara/Divan/Leather/Queen/ML-00,Zara Divan Bedframe - ML00 (no legs),Queen / Faux Leather,1,28 Jul 2025,
2025-06-21T14:31:03+08:00,CU,80cm + 40cm Wardrobe - add soft close,Upgrade,1,11 Aug 2025,
2025-06-21T18:14:51+08:00,Storage/Single/No Headboard/ME005,Hydraulic Storage Bedframe - ME005 (no headboard),Single / Hellotex/Polo Fabric,1,24 Jul 2025,4 PM - 6 PM
2025-06-21T18:14:51+08:00,Zara/Storage/Queen/ME002,Zara Hydraulic Storage Bedframe - ME002,Queen / Hellotex/Polo Fabric,1,25 Jul 2025,
2025-06-21T18:14:51+08:00,Zara/Storage/Queen/ME002,"Replace headboard, take back headboard",Queen / Hellotex/Polo Fabric,1,20 Aug 2025,
2025-08-30T15:54:04+08:00,Spring/Queen/Storage,Spring Storage Bedframe - Avani-04,Queen / Fabric,1,,
2025-06-23T16:30:01+08:00,CTM11619,attach hutch and desk,servicing,1,11 Aug 2025,8.30 AM 
2025-06-24T10:51:09+08:00,DC8036/MapleWH,align drawers,Assembly,1,1 Jul 2025,
2025-06-28T18:42:38+08:00,SI1593/3075,Manhattan Flat Top 1.6m Walnut Sideboard,Servicing,1,3 Sep 2025,
2025-06-29T13:06:02+08:00,CTM11643,Assemble on site,Asssemble on site,1,14 Aug 2025,4 PM - 6 PM
2025-07-01T14:42:17+08:00,CTM11655,Add hanging rod,Servicing,2,27 Aug 2025,
2025-07-11T11:19:27+08:00,Dang Low Back Chair,Assemble on site,Fixed / Black,10,14 Aug 2025,4 PM - 6 PM
2025-07-13T11:55:58+08:00,Miranda/Storage/Leather/Queen,Assemble bed,Asssemble on site,1,15 Aug 2025,4 PM - 6 PM
2025-08-30T18:59:03+08:00,SB1048/3075,Vernetta 100cm Walnut Sliding Shoe Bench with Cushion,Assembly,1,16 Sep 2025,
2025-07-16T20:15:41+08:00,Miranda/Storage/Boucle/SuperSingle,Assemble bed,Asssemble on site,1,15 Aug 2025,4 PM - 6 PM
2025-07-17T11:38:11+08:00,SI1295/3075-soft close slider,rectify drawer issue,Assembly,1,28 Jul 2025,
2025-07-17T12:28:40+08:00,SC15(X2)/WAL,add soft close,servicing,2,8 Aug 2025,4 PM - 6 PM
2025-07-17T12:28:40+08:00,SC18/WAL,add soft close,servicing,2,8 Aug 2025,4 PM - 6 PM
2025-07-21T15:41:45+08:00,DC1232,Soft Close Hinge Upgrade,Upgrade,1,15 Aug 2025,
2025-07-26T17:22:32+08:00,Miranda/Storage/Boucle/SuperSingle,Miranda Hydraulic Storage Bedframe,On site Assembly,1,22 Aug 2025,
2025-07-27T18:22:05+08:00,"SB1283/3075-add ventilation caps, wood legs",align door alignment and check soft closing on left 2 doors,Servicing,1,15 Aug 2025,4 PM - 6 PM
2025-07-30T13:21:36+08:00,Single Storage Bed/Blue,Portland Single Storage Bed - Blue Colour,Servicing,1,5 Aug 2025,
2025-07-31T14:40:25+08:00,Autumn/Storage/Single/PU-1917,Autumn Storage Single Bedframe,On site Assembly,1,22 Aug 2025,
2025-07-31T16:09:00+08:00,BS-Display SIngle Storage Bed,Display Portland Storage Bedframe,On site Assembly,1,22 Aug 2025,
2025-08-03T16:26:55+08:00,SI1885/3036-Wood legs,change to all straight wood legs,Servicing,1,8 Aug 2025,
2025-08-03T16:26:55+08:00,SI1885/3036-Wood legs,"change straight wood legs, due to colour difference",Servicing,1,12 Aug 2025,
2025-08-05T12:15:07+08:00,Autumn/Super Single/PU-1919,Autumn Divan Super Single Bedframe,Servicing,1,27 Aug 2025,4 PM - 6 PM
2025-08-05T19:08:43+08:00,"3"" Storage Headboard-PL007","Change to headboard, take back the divan panel",Assembly,1,20 Aug 2025,10 AM - 12 PM
2025-08-09T12:50:34+08:00,,assemble single divan bed,Assemble on site,1,29 Aug 2025,4 PM - 6 PM
2025-08-19T15:39:01+08:00,SB8083/3045,attach cabinets tgt,Servicing,1,29 Aug 2025,4 PM - 6 PM
2025-08-23T21:04:22+08:00,BS-SB6304/3064,align doors,Servicing,1,29 Aug 2025,4 PM - 6 PM
2025-08-30T19:46:06+08:00,SB6304/3064,Nara 60cm Wide 1.8m Espresso Tall Shoe Cabinet,Assembly,1,,
,TV1853/3036,Preston 1.8m TV Cabinet,Assembly,1,15 Aug 2025,
,TV1565/3036,Vita 1.5m TV Cabinet,Assembly,1,15 Aug 2025,
,SB1003/3018WH,Cardiff Sliding Door Cabinet,Assembly,1,15 Aug 2025,
,BS9010,Glass Bookcase,Assembly,1,15 Aug 2025,
,CTM28,CTM28,Assembly,1,20 Aug 2025,
,CTM29,CTM29,Assembly,1,20 Aug 2025,
,SI1593/3045-4046,Manhattan 1.6 Sideboard Maple/Concrete,Assembly,1,20 Aug 2025,
,SC15/OAK,Vegas 3 Door Shoe Cabinet,Assembly,1,20 Aug 2025,
,BS4153,Bedside table,Assembly,1,20 Aug 2025,
,BS4210,Bedside table 2,Assembly,1,20 Aug 2025,
2025-09-01T19:11:20+08:00,SC4(X2),Vegas Oak 60cm Wide 162cm High Shoe Cabinet,Assembly,1,5 Sep 2025,1 PM - 5 PM
,CTM11586,50cm wardrobe,Assembly,1,5 Sep 2025,1 PM - 5 PM
,DT8001/3045,Dressing Table,Self-Assembly,,8 Aug 2025,1 PM - 5 PM
,DTS8001/3045,Stool,Self-Assembly,,8 Aug 2025,1 PM - 5 PM
,DC1254/3036WH,Cubic,Self-Assembly,,8 Aug 2025,1 PM - 5 PM
,TV1565/3036,Vita,Self-Assembly,,8 Aug 2025,1 PM - 5 PM
,CTM24,Custom shoe cabinet,Assembly,,11 Jul 2025,11 AM - 3 PM
,"7"" Foam Mattress",Tranquil Queen Foam Mattress,Assembly,,11 Jul 2025,11 AM - 3 PM
,SC18/WAL,Texas 120cm Shoe Cabinet,Assembly,,11 Jul 2025,11 AM - 3 PM
2025-07-11T11:06:29+08:00,SS6202/Maple,Warwick 60cm Maple Bookcase Display Shelf,Assembly,1,18 Jul 2025,
2025-07-11T11:06:29+08:00,SB6330/Walnut,Kyoto Shoe Cabinet,Assembly,1,18 Jul 2025,
2025-07-11T11:06:29+08:00,DC1289/Walnut,Nora 4 Drawer Walnut Chest,Assembly,1,18 Jul 2025,
2025-07-11T11:06:29+08:00,TV1565/PineGRYLINEN,Vita,Assembly,1,18 Jul 2025,
2025-07-11T11:06:29+08:00,SS6020/OakWH,Bookcase,Assembly,1,18 Jul 2025,
2025-07-11T11:06:29+08:00,SI1680/Maple,Monaco 1.6m Maple 4-Door Sideboard,Assembly,1,18 Jul 2025,
2025-07-11T11:06:29+08:00,Headboard,Headboard,Assembly,1,18 Jul 2025,
,SS4001WD/3045,Denver,,,24 Jul 2025,
,SB8322/3036,Tomi,,,24 Jul 2025,
,SB1048/3075+Cushion,Vernetta,,,24 Jul 2025,
,CTM25,Custom 25,,,25 Jul 2025,11 AM - 3 PM
,DC1408/3045WH,Alexis 1.4m Maple/White 4x2 Dresser,,,25 Jul 2025,11 AM - 3 PM
,CTM26,Custom 26,,,25 Jul 2025,11 AM - 3 PM
,SB6304/3018WH,Nara Oak white,Assembly,1,5 Sep 2025,1 PM - 5 PM
2025-08-28T18:13:13+08:00,SI1885/3075,Monaco 1.8m Walnut 4-Door Sideboard,Assembly,1,5 Sep 2025,1 PM - 5 PM
2025-08-27T11:48:35+08:00,SC18/WAL,Texas 1.2m Walnut Shoe Cabinet,Servicing,1,29 Aug 2025,
2025-08-29T17:13:23+08:00,BS-TV1634/3075,Paisley 1.6m Walnut TV Console Cabinet,Assembly,1,5 Sep 2025,2 PM - 6 PM
2025-08-30T12:02:08+08:00,SC4(X2)/WAL,Vegas Walnut 60cm Wide 162cm High Shoe Cabinet,Assembly,1,5 Sep 2025,2 PM - 6 PM
2025-08-25T14:42:01+08:00,CU,Soft Close Hinge Upgrade,Upgrade,1,5 Sep 2025,2 PM - 6 PM
2025-08-25T14:42:01+08:00,SC5(X2)/WAL-Wheels,Vegas Walnut 1.2m Wide 162cm High Shoe Cabinet,Assembly,1,5 Sep 2025,2 PM - 6 PM
2025-08-25T14:42:01+08:00,,Legs Upgrade,Wheels,1,5 Sep 2025,2 PM - 6 PM
2025-08-31T20:52:04+08:00,SR2/3075/METAL-LEGS,Bremen 80cm Walnut Storage Cabinet,Assembly,1,9 Sep 2025,11 AM - 3 PM
2025-08-31T20:52:04+08:00,,Legs Upgrade,Wood to Metal,1,9 Sep 2025,11 AM - 3 PM
2025-08-30T23:22:08+08:00,SC5(X2),Vegas Oak 1.2m Wide 162m High Shoe Cabinet,Assembly,1,10 Nov 2025,
2025-08-10T20:51:48+08:00,TV1865/3036,Vita 1.8m Pine TV Console Cabinet,Assembly,1,9 Sep 2025,11 AM - 3 PM
2025-08-10T20:51:48+08:00,WD4021/3036,Alto 40cm Modular Wardrobe,Assembly,1,9 Sep 2025,11 AM - 3 PM
2025-08-31T18:11:47+08:00,Spring/SuperSingle/Custom,Spring Divan Bedframe - 1917 - Custom height 10inch + 6 inch legs,Super Single / Faux Leather,1,,
2025-08-10T20:51:48+08:00,WD8003/3036,Vela 80cm Modular Wardrobe,Assembly,1,9 Sep 2025,11 AM - 3 PM
2025-09-01T11:09:08+08:00,SC15/WAL,Vegas 90cm Walnut Shoe Cabinet,Assembly,1,,
2025-08-31T19:24:34+08:00,WD8003/3036/SOFT-CLOSE,Vela 80cm Modular Wardrobe,Assembly,1,,
2025-08-31T19:24:34+08:00,TV25/3045,Hamburg 1.8m Maple TV Console Cabinet,Assembly,1,,
2025-08-29T14:07:22+08:00,KI-DC1289/3018WH,Nora 60cm 4-Drawer Oak/White Chest of Drawers,Assembly,1,5 Sep 2025,2 PM - 6 PM
2025-08-30T19:24:46+08:00,"SR4/3075-Nobottomrightdoor, pass the door to customer",Munich 1.2m Walnut Highboard Storage Cabinet,Assembly,1,9 Sep 2025,1 PM - 5 PM
2025-07-05T16:27:53+08:00,DC1289/3075-soft close sliders,Nora 60cm 4-Drawer Walnut Chest of Drawers,Assembly,2,9 Sep 2025,1 PM - 5 PM
2025-07-05T16:27:53+08:00,,Soft Closing Slider Upgrade,Sliders / Soft Close,14,9 Sep 2025,1 PM - 5 PM
2025-07-05T16:27:53+08:00,DC1606/3075-soft close sliders,Verona 1.6m drawer walnut,Assembly,1,9 Sep 2025,1 PM - 5 PM
2025-08-29T14:07:22+08:00,SC4(X2),Vegas Oak 60cm Wide 162cm High Shoe Cabinet,Assembly,1,5 Sep 2025,2 PM - 6 PM
2025-08-28T17:25:44+08:00,SC4(X2)/OAK,Vegas Oak 60cm Wide 162cm High Shoe Cabinet,Assembly,1,5 Sep 2025,4 PM - 8 PM
2025-08-23T10:42:38+08:00,DC1232/3075-metal leg,Eve 1.2m Walnut Chest Sideboard,Assembly,1,5 Sep 2025,5 PM - 8 PM
2025-08-23T10:42:38+08:00,,Legs Upgrade,15cm Metal,1,5 Sep 2025,5 PM - 8 PM
2025-08-30T15:43:25+08:00,SS6202/3075,Warwick 60cm Walnut Bookcase Display Shelf,Assembly,1,9 Sep 2025,1 PM - 5 PM
2025-08-30T15:43:25+08:00,CU,Soft Close Hinge Upgrade,Upgrade,1,9 Sep 2025,1 PM - 5 PM
2025-08-31T10:59:19+08:00,CU,Soft Close Hinge Upgrade,Upgrade,1,9 Sep 2025,2 PM - 6 PM
2025-08-31T10:59:19+08:00,SC15,Vegas 90cm 3-Door Shoe Cabinet,Assembly,1,9 Sep 2025,2 PM - 6 PM
2025-08-30T19:49:28+08:00,SC4(X2)/WAL/soft closing,Vegas Walnut 60cm Wide 162cm High Shoe Cabinet,Assembly,1,9 Sep 2025,2 PM - 6 PM
2025-07-07T12:09:41+08:00,CTM11683,Custom Furniture,Custom,1,5 Sep 2025,6 PM - 8 PM
2025-08-30T19:49:28+08:00,CU,Soft Close Hinge Upgrade,Upgrade,1,9 Sep 2025,2 PM - 6 PM
2025-08-30T16:21:09+08:00,SC5/WAL/soft closing,Vegas 1.2m Walnut 4-Door Shoe Cabinet,Assembly,1,9 Sep 2025,2 PM - 6 PM
2025-08-30T16:21:09+08:00,CU,Soft Close Hinge Upgrade,Upgrade,1,9 Sep 2025,2 PM - 6 PM
2025-08-25T14:25:03+08:00,BS-DC1408/3045WH,Alexis 1.4m Maple/White 4x2 Dresser,Assembly,1,9 Sep 2025,4 PM - 8 PM
2025-09-01T15:12:08+08:00,SC15,Vegas 90cm 3-Door Shoe Cabinet,Assembly,1,9 Sep 2025,4 PM - 8 PM
2025-08-31T17:56:51+08:00,SC18/WAL,Texas 1.2m Walnut Shoe Cabinet,Assembly,1,9 Sep 2025,4 PM - 8 PM
2025-08-31T17:56:51+08:00,CU,Soft Close Hinge Upgrade,Upgrade,1,9 Sep 2025,4 PM - 8 PM
2025-06-22T11:38:51+08:00,CTM11612 (SB4311/3018WH)-WOOD LEGS,Add wood legs,Servicing,1,,
2025-07-13T11:55:58+08:00,Miranda/Storage/Leather/Queen,Assemble bed,Asssemble on site,1,,
2024-04-27T11:41:27+08:00,SI1685/Custom,top panel,Servicing,1,,
2025-09-02T11:56:43+08:00,TV1672/3075-Wood legs,Linwood Walnut 1.6m TV Console Cabinet,Assembly,1,12 Sep 2025,
2025-09-02T11:56:43+08:00,,Legs Upgrade,Metal to Wood,1,12 Sep 2025,
2025-09-01T19:39:08+08:00,CU,Soft Close Hinge Upgrade,Upgrade,1,9 Sep 2025,10 AM - 1 PM
2025-09-02T18:53:23+08:00,SR6/3036WH,Hamburg 1.4m Pine/White Sideboard,Assembly,1,9 Sep 2025,
2025-09-03T13:48:28+08:00,KI-SB1283/3045/BLACK-PLASTIC-LEGS,Richmond 1.2m Maple Shoe Cabinet,Assembly,1,12 Sep 2025,
2025-09-03T13:48:28+08:00,SR2/3045WH-NO SOFT CLOSE,Bremen 80cm Maple/White Storage Cabinet,Assembly,1,12 Sep 2025,
2025-09-03T13:48:28+08:00,CU,Soft Close Hinge Upgrade,Upgrade,1,12 Sep 2025,
2025-09-03T13:48:28+08:00,,Legs Upgrade,10cm Black PVC,1,12 Sep 2025,
2025-09-03T18:27:19+08:00,SC15,Vegas 90cm Oak Shoe Cabinet,Assembly,1,12 Sep 2025,
2025-09-04T11:46:34+08:00,,Custom sale,Assembly,1,,
2025-09-04T11:48:09+08:00,,Custom sale,Assembly,1,,
2025-09-04T11:57:35+08:00,SB8083/3045,Richie 80cm Shoe Cabinet,Assembly,1,,
2025-09-04T16:06:13+08:00,SC5(X2),Vegas Oak 1.2m Wide 1.62m High Shoe Cabinet,Assembly,1,12 Sep 2025,
2025-09-04T16:18:44+08:00,TV24/1.6/3075/add 2more cable hole,Hamburg 1.6m Walnut TV Console Cabinet,Assembly,1,15 Oct 2025,
2025-09-04T16:18:44+08:00,,2 cable hole,Assembly,1,,
2025-09-04T18:46:03+08:00,SC15(X2),Vegas Oak 90cm Wide 1.62m High Shoe Cabinet,Assembly,1,12 Sep 2025,
2025-09-04T18:46:03+08:00,DC8036/3045WH,Union 80cm Chest of 6 Drawers,Assembly,1,,
2025-09-04T20:51:37+08:00,BS-DC1289/3075- top 3 drawers add soft close.,Nora 60cm 4-Drawer Walnut Chest of Drawers,Assembly,1,12 Sep 2025,
2025-09-04T20:51:37+08:00,,Soft Closing Slider Upgrade,Sliders / Soft Close,3,12 Sep 2025,
,Desk,Desk,Self-Assembly,1,5 Sep 2025,1 PM - 5 PM
2025-09-05T10:26:59+08:00,SC5,Vegas 1.2m Oak Shoe Cabinet,Assembly,1,,
2025-09-05T10:26:59+08:00,CU,Soft Close Hinge Upgrade,Upgrade,1,,
2025-09-05T15:17:36+08:00,SC5,Vegas 1.2m Oak Shoe Cabinet,Assembly,1,,
2025-09-05T18:04:35+08:00,B16LD,Winter Storage Bedframe,King / Plush Fabric,1,,
2025-09-05T20:18:17+08:00,SS4001WD/3036,Denver 40cm Pine Bookcase with Door,Assembly,1,12 Sep 2025,