Order Date,SKU,Item,Variant,Quantity,Value,Delivery Date,Delivery Time
2024-10-25 13:19:39+08:00,CU,Soft Close Doors Upgrade,Upgrade,1.0,293.02,2025-01-14,2025-01-14
2024-10-25 13:19:39+08:00,SR2/Maple-Add 3 Holes,Bremen 80cm Maple Oak Storage Cabinet,Assembly,1.0,,2025-01-14,2025-01-14
2024-11-02 16:45:04+08:00,Elizabeth/Grey/SuperSingle,Elizabeth Fabric Divan Bedframe (Storage),Assembly,1.0,2100.0,2025-01-03,2025-01-03
2024-11-10 16:25:58+08:00,TV24/1.6/Maple,Hamburg 1.6m Maple Oak TV Console Cabinet,Assembly,1.0,263.62,2025-01-10,2025-01-10
2024-11-17 20:51:38+08:00,SR4/Walnut,Munich 1.2m Walnut Highboard Storage Cabinet,Assembly,1.0,958.49,2025-01-06,2025-01-06
2024-11-17 20:51:38+08:00,CTM10383,Custom Furniture,Custom,1.0,,2025-01-06,2025-01-06
2024-11-17 20:51:38+08:00,CU,Soft Close Hinge Upgrade,Upgrade,1.0,958.49,2025-01-06,2025-01-06
2024-11-17 20:51:38+08:00,CU-Drawer,Soft Close Slider Upgrade,Upgrade,1.0,958.49,2025-01-06,2025-01-06
2024-11-19 19:10:06+08:00,CTM10391,Custom Furniture,Custom,1.0,,2025-01-10,2025-01-10
2024-11-19 19:10:06+08:00,CU,Soft Close Hinge Upgrade,Upgrade,1.0,381.22,2025-01-10,2025-01-10
2024-11-24 13:07:01+08:00,CTM10413,Custom Furniture,Custom,1.0,520.0,2025-02-05,2025-02-05
2024-11-24 13:07:01+08:00,CU,Soft Close Hinge Upgrade,Upgrade,1.0,,2025-02-05,2025-02-05
2024-11-24 20:56:07+08:00,CU,Soft Close Hinge Upgrade,Upgrade,1.0,325.4,2025-01-14,2025-01-14
2024-11-24 20:56:07+08:00,SR7/MapleWH(Premium),Hamburg 1.6m Maple Oak White Sideboard,Assembly,1.0,,2025-01-14,2025-01-14
2024-11-26 21:31:07+08:00,CTM10425,Custom Furniture,Custom,1.0,,2025-01-10,2025-01-10
2024-11-26 21:31:07+08:00,CU,Soft Close Hinge Upgrade,Upgrade,1.0,599.0,2025-01-10,2025-01-10
2024-11-30 11:54:19+08:00,CU,Soft Close Hinge Upgrade,Upgrade,1.0,277.0,2025-01-14,2025-01-14
2024-11-30 11:54:19+08:00,CTM10438,Custom Furniture,Custom,1.0,,2025-01-14,2025-01-14
2024-11-30 15:52:44+08:00,CTM10440,Custom Furniture,Custom,1.0,,2025-01-13,2025-01-13
2024-11-30 15:52:44+08:00,CU,Soft Close Hinge Upgrade,Upgrade,1.0,578.2,2025-01-13,2025-01-13
2024-11-30 15:52:44+08:00,,Soft Close Slider Upgrade,Upgrade,3.0,,2025-01-13,2025-01-13
2024-11-30 18:23:45+08:00,CTM10443,Custom Furniture,Custom,2.0,,2025-03-27,2025-03-27
2024-11-30 18:23:45+08:00,CU,Soft Close Hinge Upgrade,Upgrade,2.0,861.42,2025-03-27,2025-03-27
2024-11-30 20:23:57+08:00,CTM10445,Custom Furniture,Custom,1.0,459.0,2025-01-13,2025-01-13
2024-12-01 14:17:55+08:00,CTM10452A,Custom Furniture,Custom,1.0,1250.0,2025-01-24,2025-01-24
2024-12-01 14:17:55+08:00,CTM10452B,Custom Furniture,Custom,2.0,,2025-01-24,2025-01-24
2024-12-01 14:17:55+08:00,CU,Soft Close Hinge Upgrade,Upgrade,1.0,1250.0,2025-01-24,2025-01-24
2024-12-01 17:21:03+08:00,CTM10456,Custom Furniture,Custom,2.0,,2025-01-14,2025-01-14
2024-12-01 17:21:03+08:00,CU,Soft Close Hinge Upgrade,Upgrade,2.0,723.24,2025-01-14,2025-01-14
2024-12-01 17:25:47+08:00,CTM10457,Custom Furniture,Custom,1.0,798.8,2025-01-20,2025-01-20
2024-12-01 17:25:47+08:00,TV1865/PineBK,Vita 1.8m Pine Oak TV Console Cabinet,Assembly,1.0,,2025-01-20,2025-01-20
2024-12-01 17:38:49+08:00,CU,Soft Close Hinge Upgrade,Upgrade,2.0,,2025-01-16,2025-01-16
2024-12-01 17:38:49+08:00,CTM10458,Custom Furniture,Custom,1.0,791.1,2025-01-16,2025-01-16
2024-12-01 17:38:49+08:00,KN-D822-BRS2,Gold Handles Square,Assembly,1.0,,2025-01-16,2025-01-16
2024-12-01 17:38:49+08:00,SB8083/Walnut-KN-D822-BRS2,Denver 80cm Walnut Shoe Cabinet,Assembly,1.0,,2025-01-16,2025-01-16
2024-12-02 17:18:27+08:00,CTM10464A,Custom Furniture,Custom,1.0,,2025-01-20,2025-01-20
2024-12-02 17:18:27+08:00,CTM10464B,Custom Furniture,Custom,1.0,1998.0,2025-01-20,2025-01-20
2024-12-02 23:29:29+08:00,CTM10465 (SB8083/1002),Custom Furniture,Custom,1.0,249.0,2025-01-16,2025-01-16
2024-12-04 12:53:56+08:00,CU,Soft Close Hinge Upgrade,Upgrade,1.0,,2025-01-13,2025-01-13
2024-12-04 12:53:56+08:00,"WD8003/Walnut-Mirror (right door), sc slider",Vela 80cm Wardrobe,Assembly,1.0,,2025-01-13,2025-01-13
2024-12-04 12:53:56+08:00,,Soft Close Slider Upgrade,Upgrade,2.0,,2025-01-13,2025-01-13
2024-12-04 12:53:56+08:00,,Mirror,Assembly,1.0,539.0,2025-01-13,2025-01-13
2024-12-04 13:48:20+08:00,SB6304/3027-see remarks,Nara 60cm Wide 1.8m Walnut Tall Shoe Cabinet,Assembly,2.0,,2025-01-16,2025-01-16
2024-12-04 13:48:20+08:00,,Metal Legs,Assembly,2.0,761.56,2025-01-16,2025-01-16
2024-12-07 14:27:46+08:00,CTM10485 (SI1885/3123),Custom Furniture,Custom,1.0,626.05,2025-01-22,2025-01-22
2024-12-07 14:27:46+08:00,CU,Soft Close Hinge Upgrade,Upgrade,1.0,626.05,2025-01-22,2025-01-22
2024-12-07 14:55:47+08:00,CTM10486,Custom Furniture,Custom,1.0,,2025-01-13,2025-01-13
2024-12-07 14:55:47+08:00,CU,Soft Close Hinge Upgrade,Upgrade,2.0,777.1,2025-01-13,2025-01-13
2024-12-07 14:55:47+08:00,SB6304/3027,Nara 60cm Wide 1.8m Walnut Tall Shoe Cabinet,Assembly,1.0,,2025-01-13,2025-01-13
2024-12-07 15:52:15+08:00,CTM10489 (SB8083/Pine),Custom Furniture,Custom,2.0,747.0,2025-02-20,2025-02-20
2024-12-07 15:52:15+08:00,SR7/Walnut(Premium),Hamburg 1.6m Walnut Sideboard,Assembly,1.0,,2025-02-20,2025-02-20
2024-12-07 18:28:53+08:00,CTM10491,Custom Furniture,Custom,1.0,,2025-01-20,2025-01-20
2024-12-07 18:28:53+08:00,CU,Soft Close Hinge Upgrade,Upgrade,1.0,,2025-01-20,2025-01-20
2024-12-07 18:28:53+08:00,,Soft Close Slider Upgrade,Upgrade,2.0,569.0,2025-01-20,2025-01-20
2024-12-08 16:10:24+08:00,CTM10503A,Custom Furniture,Custom,1.0,,2025-01-17,2025-01-17
2024-12-08 16:10:24+08:00,CU,Soft Close Hinge Upgrade,Upgrade,2.0,,2025-01-17,2025-01-17
2024-12-08 16:10:24+08:00,CTM10503B,Custom Furniture,Custom,1.0,968.0,2025-01-17,2025-01-17
2024-12-08 16:34:36+08:00,CTM10504,Custom Furniture,Custom,1.0,699.0,2025-01-22,2025-01-22
2024-12-08 16:34:36+08:00,CU,Soft Close Hinge Upgrade,Upgrade,1.0,699.0,2025-01-22,2025-01-22
2024-12-08 17:37:17+08:00,SB8083/Pine,Denver 80cm Pine Oak Shoe Cabinet,Assembly,2.0,,2025-01-14,2025-01-14
2024-12-09 14:26:17+08:00,CTM10510,Custom Furniture,Custom,1.0,489.0,2025-01-22,2025-01-22
2024-12-09 14:26:17+08:00,CU,Soft Close Hinge Upgrade,Upgrade,1.0,489.0,2025-01-22,2025-01-22
2024-12-10 15:56:25+08:00,CTM10512,Custom Furniture,Custom,1.0,587.02,2025-01-17,2025-01-17
2024-12-11 12:46:31+08:00,SC15/WAL,Vegas 90cm Walnut Shoe Cabinet,Assembly,1.0,,2025-01-16,2025-01-16
2024-12-11 12:46:31+08:00,CU,Soft Close Hinge Upgrade,Upgrade,1.0,473.1,2025-01-16,2025-01-16
2024-12-11 12:46:31+08:00,DC8022/MapleWH,Nora 80cm 2-Door 2-Drawer Chest,Assembly,1.0,,2025-01-16,2025-01-16
2024-12-11 12:56:45+08:00,CTM10518,Custom Furniture,Custom,1.0,529.0,2025-01-23,2025-01-23
2024-12-11 12:56:45+08:00,CU,Soft Close Hinge Upgrade,Upgrade,1.0,529.0,2025-01-23,2025-01-23
2024-12-11 13:13:22+08:00,CTM10519,Custom Furniture,Custom,1.0,,2025-01-22,2025-01-22
2024-12-11 13:13:22+08:00,CU,Soft Close Hinge Upgrade,Upgrade,1.0,729.0,2025-01-22,2025-01-22
2024-12-11 22:52:10+08:00,CTM10523,Custom Furniture,Custom,1.0,718.0,2025-01-24,2025-01-24
2024-12-12 00:04:08+08:00,TV1671/Maple,Linwood 1.6m Maple Oak TV Console Cabinet,Assembly,1.0,285.03,2025-01-17,2025-01-17
2024-12-12 21:15:59+08:00,CTM10535,Custom Furniture,Custom,1.0,570.0,2025-01-23,2025-01-23
2024-12-12 21:15:59+08:00,CU,Soft Close Hinge Upgrade,Upgrade,1.0,570.0,2025-01-23,2025-01-23
2024-12-13 19:04:51+08:00,CH,Handle Upgrade,Upgrade,2.0,244.02,2025-01-10,2025-01-10
2024-12-13 19:04:51+08:00,CU,Soft Close Hinge Upgrade,Upgrade,1.0,,2025-01-10,2025-01-10
2024-12-13 19:04:51+08:00,SB8083/Walnut-KN D316 gold knob,Denver 80cm Shoe Cabinet,Assembly,1.0,,2025-01-10,2025-01-10
2024-12-14 11:42:59+08:00,SB8052/OK,August 80cm Shoe Cabinet,Assembly,1.0,208.29,2025-01-20,2025-01-20
2024-12-14 16:43:07+08:00,CU,Soft Close Hinge Upgrade,Upgrade,1.0,299.0,2025-01-16,2025-01-16
2024-12-14 16:43:07+08:00,SR5/PineWH(Premium),Hamburg 1.2m Natural Oak White Sideboard,Assembly,1.0,,2025-01-16,2025-01-16
2024-12-14 20:24:06+08:00,CU,Soft Close Hinge Upgrade,Upgrade,1.0,,2025-01-23,2025-01-23
2024-12-14 20:24:06+08:00,SB8311/Walnut-Metal legs,Brighton 80cm Walnut Cabinet,Custom,1.0,,2025-01-23,2025-01-23
2024-12-14 20:24:06+08:00,,Metal legs,Assembly,1.0,,2025-01-23,2025-01-23
2024-12-14 20:24:06+08:00,,Color change,Assembly,1.0,429.0,2025-01-23,2025-01-23
2024-12-14 20:51:18+08:00,CTM10558,Custom Furniture,Custom,1.0,,2025-02-20,2025-02-20
2024-12-14 20:51:18+08:00,CU,Soft Close Hinge Upgrade,Upgrade,1.0,599.0,2025-02-20,2025-02-20
2024-12-15 13:52:41+08:00,CU,Soft Close Hinge Upgrade,Upgrade,1.0,351.82,2025-01-03,2025-01-03
2024-12-15 13:52:41+08:00,SB1283/Walnut-Black plastic legs,Richmond 1.2m 3-Door Walnut Shoe Cabinet,Assembly,1.0,,2025-01-03,2025-01-03
2024-12-15 13:52:41+08:00,,10cm Black Legs,Assembly,1.0,,2025-01-03,2025-01-03
2024-12-15 15:41:19+08:00,SR2/Walnut,Bremen 80cm Walnut Storage Cabinet,Assembly,1.0,,2025-01-16,2025-01-16
2024-12-15 15:41:19+08:00,,Walnut Walnut,Assembly,1.0,319.0,2025-01-16,2025-01-16
2024-12-15 16:37:00+08:00,CTM10568,Custom Furniture,Assembly,1.0,322.42,2025-01-24,2025-01-24
2024-12-15 16:52:34+08:00,CU,Soft Close Hinge Upgrade,Upgrade,1.0,389.0,2025-01-10,2025-01-10
2024-12-15 16:52:34+08:00,SI1685S/Maple,Monaco 1.6m Maple Oak Sideboard,Assembly,1.0,,2025-01-10,2025-01-10
2024-12-15 17:57:10+08:00,CTM10572 (SB8083/1002),Custom Furniture,Custom,1.0,,2025-01-23,2025-01-23
2024-12-15 17:57:10+08:00,CU,Soft Close Hinge Upgrade,Upgrade,1.0,302.82,2025-01-23,2025-01-23
2024-12-16 14:14:28+08:00,SR2/Walnut,Bremen 80cm Walnut Storage Cabinet,Assembly,1.0,226.47,2025-01-16,2025-01-16
2024-12-16 14:18:15+08:00,SI1685S/Maple,Monaco 1.6m Maple Oak Sideboard,Assembly,1.0,301.76,2025-01-13,2025-01-13
2024-12-16 16:37:17+08:00,CTM10580,Custom Furniture,Custom,1.0,860.0,2025-01-27,2025-01-27
2024-12-16 16:37:17+08:00,WD8007,Rova 80cm wardrobe,Assembly,1.0,,2025-01-27,2025-01-27
2024-12-16 22:57:06+08:00,SB6335/Maple,Kyoto 60cm Maple Oak Shoe Cabinet,Assembly,1.0,269.0,2025-01-24,2025-01-24
2024-12-18 21:07:40+08:00,SB1283/Walnut,Richmond 1.2m 3-Door Walnut Shoe Cabinet,Assembly,1.0,293.02,2025-01-07,2025-01-07
2024-12-19 13:48:07+08:00,CU,Soft Close Hinge Upgrade,Upgrade,1.0,193.02,2025-01-14,2025-01-14
2024-12-19 13:48:07+08:00,SB4311/MapleWH,Eden 40cm Maple Oak White Shoe Cabinet,Assembly,1.0,193.02,2025-01-14,2025-01-14
2024-12-19 21:03:00+08:00,CU,Soft Close Hinge Upgrade,Upgrade,2.0,584.67,2025-01-27,2025-01-27
2024-12-19 21:03:00+08:00,SB8083/Pine,Richie 80cm Shoe Cabinet,Assembly,1.0,584.67,2025-01-27,2025-01-27
2024-12-19 21:03:00+08:00,SR4/Pine,Munich 1.2m Pine Oak Highboard Storage Cabinet,Assembly,1.0,,2025-01-27,2025-01-27
2024-12-20 17:35:35+08:00,CU,Soft Close Hinge Upgrade,Upgrade,1.0,285.03,2025-01-17,2025-01-17
2024-12-20 17:35:35+08:00,SR6/PineWH,Hamburg 1.4m Sideboard,Assembly,1.0,,2025-01-17,2025-01-17
2024-12-21 12:28:14+08:00,CTM10613,Custom Furniture,Custom,1.0,,2025-02-20,2025-02-20
2024-12-21 12:28:14+08:00,,Standard Mirror,Assembly,1.0,,2025-02-20,2025-02-20
2024-12-21 12:28:14+08:00,CU,Soft Close Hinge Upgrade,Upgrade,2.0,,2025-02-20,2025-02-20
2024-12-21 12:28:14+08:00,BS-SC15/WAL,Vegas 90cm Walnut Shoe Cabinet,Assembly,1.0,703.64,2025-02-20,2025-02-20
2024-12-21 16:52:27+08:00,CTM10619,Custom Furniture,Custom,1.0,,2025-02-15,2025-02-15
2024-12-22 12:00:02+08:00,WD4002/Oak (Door open left side),Kano 40cm Wardrobe,Assembly,1.0,,2025-02-18,2025-02-18
2024-12-22 12:00:02+08:00,WD8006/Oak,Cavo 80cm Wardrobe,Assembly,1.0,,2025-02-18,2025-02-18
2024-12-22 12:00:02+08:00,CU,Soft Close Hinge Upgrade,Upgrade,1.0,750.1,2025-02-18,2025-02-18
2024-12-22 12:05:25+08:00,WD8005/Oak,Sera 80cm Wardrobe,Assembly,1.0,,2025-02-18,2025-02-18
2024-12-22 12:05:25+08:00,CU,Soft Close Hinge Upgrade,Upgrade,2.0,929.0,2025-02-18,2025-02-18
2024-12-22 12:05:25+08:00,CTM10628,Custom Furniture,Custom,1.0,,2025-02-28,2025-02-28
2024-12-23 12:18:31+08:00,SC15/WAL,Vegas 90cm Walnut Shoe Cabinet,Assembly,1.0,,2025-01-03,2025-01-03
2024-12-23 12:18:31+08:00,BS-10149028 Mirror,Rhea Standing Mirror,With Delivery,1.0,,2025-01-03,2025-01-03
2024-12-23 12:18:31+08:00,CU,Soft Close Hinge Upgrade,Upgrade,1.0,233.24,2025-01-03,2025-01-03
2024-12-23 12:51:07+08:00,SC4,Vegas 60cm Oak Shoe Cabinet,Assembly,1.0,92.64,2025-01-03,2025-01-03
2024-12-23 12:51:07+08:00,CU,Soft Close Hinge Upgrade,Upgrade,1.0,92.64,2025-01-03,2025-01-03
2024-12-23 13:50:09+08:00,SC15/WAL,Vegas 90cm Walnut 3-Door Shoe Cabinet,Assembly,1.0,169.0,2025-01-13,2025-01-13
2024-12-24 15:19:45+08:00,CU,Soft Close Hinge Upgrade,Upgrade,1.0,,2025-01-03,2025-01-03
2024-12-24 15:19:45+08:00,SC18/WAL,Texas 1.2m Walnut Shoe Cabinet,Assembly,1.0,199.0,2025-01-03,2025-01-03
2024-12-25 14:12:24+08:00,SB4311/Walnut,Eden 40cm Walnut Shoe Cabinet,Assembly,1.0,224.42,2025-01-03,2025-01-03
2024-12-25 15:01:06+08:00,CU,Soft Close Hinge Upgrade,Upgrade,1.0,287.43,2025-01-10,2025-01-10
2024-12-25 15:01:06+08:00,TV24/1.8/OakWH,Hamburg 1.8m Natural Oak White TV Console Cabinet,Assembly,1.0,,2025-01-10,2025-01-10
2024-12-25 17:01:09+08:00,SB1283/Walnut-Metal legs,Richmond 1.2m 3-Door Walnut Shoe Cabinet,Assembly,1.0,,2025-01-13,2025-01-13
2024-12-25 17:01:09+08:00,,Metal leg,Assembly,1.0,342.02,2025-01-13,2025-01-13
2024-12-25 18:21:30+08:00,TV1671/607,Linwood Walnut 1.6m TV Console Cabinet,Assembly,1.0,322.42,2025-01-03,2025-01-03
2024-12-25 20:14:04+08:00,CU,Soft Close Hinge Upgrade,Upgrade,1.0,199.0,2025-01-03,2025-01-03
2024-12-25 20:14:04+08:00,SC4(X2),Vegas Oak 60cm Wide 162cm High Shoe Cabinet,Assembly,1.0,199.0,2025-01-03,2025-01-03
2024-12-25 22:17:08+08:00,SS6020/MapleWH,Oxford 60cm Maple Oak White Bookcase,Assembly,1.0,261.35,2025-01-03,2025-01-03
2024-12-25 22:24:10+08:00,SC4,Vegas 60cm Oak Shoe Cabinet,Assembly,1.0,119.0,2025-01-03,2025-01-03
2024-12-26 00:50:07+08:00,CU,Soft Close Hinge Upgrade,Upgrade,1.0,148.35,2025-01-03,2025-01-03
2024-12-26 00:50:07+08:00,SC5,Vegas 1.2m Oak Shoe Cabinet,Assembly,1.0,148.35,2025-01-03,2025-01-03
2024-12-26 10:41:27+08:00,CU,Soft Close Hinge Upgrade,Upgrade,1.0,293.02,2025-01-07,2025-01-07
2024-12-26 10:41:27+08:00,TV24/1.6/607,Hamburg 1.6m Walnut TV Console Cabinet,Assembly,1.0,,2025-01-07,2025-01-07
2024-12-26 10:51:56+08:00,SR5/PineWH(Premium),Hamburg 1.2m Pine Oak White Sideboard,Assembly,1.0,269.0,2025-01-17,2025-01-17
2024-12-26 11:36:18+08:00,SC15(X2)/WAL,Vegas Walnut 90cm Wide 162cm High Shoe Cabinet,Assembly,1.0,249.0,2025-01-03,2025-01-03
2024-12-26 14:31:44+08:00,BS-SB8311/OakWH,Brighton 80cm Natural Oak White Cabinet,Assembly,1.0,299.0,2025-01-03,2025-01-03
2024-12-26 14:31:44+08:00,CU,Soft Close Hinge Upgrade,Upgrade,1.0,299.0,2025-01-03,2025-01-03
2024-12-26 15:27:18+08:00,BS-DC8036/RusticWH,Union 80cm Chest of 6 Drawers,Assembly,1.0,399.0,2025-01-03,2025-01-03
2024-12-26 16:52:43+08:00,BS-DC1254/OKWH-showroom piece,Cubic 1.2m Oak White Chest Sideboard,Assembly,1.0,199.0,2025-01-03,2025-01-03
2024-12-27 14:26:12+08:00,SC15(X2)/WAL,Vegas 90cm Walnut Shoe Cabinet,Assembly,1.0,149.0,2025-01-06,2025-01-06
2024-12-27 15:22:05+08:00,SC15/WAL,Vegas 90cm Walnut Shoe Cabinet,Assembly,1.0,130.97,2025-01-06,2025-01-06
2024-12-27 16:42:29+08:00,CTM10669,Custom Furniture,Custom,1.0,899.0,2025-02-25,2025-02-25
2024-12-27 17:36:30+08:00,SB6304/3027,Nara 60cm Wide 1.8m Ember Walnut Tall Shoe Cabinet,Assembly,1.0,351.82,2025-01-24,2025-01-24
2024-12-27 20:00:18+08:00,BS-SS6202/Maple,Warwick 60cm Maple Oak Bookcase Display Shelf,Assembly,1.0,299.0,2025-01-06,2025-01-06
2024-12-27 20:04:12+08:00,SC15,Vegas 90cm 3-Door Shoe Cabinet,Assembly,1.0,149.0,2025-01-06,2025-01-06
2024-12-28 11:18:06+08:00,SC18/WAL,Texas 1.2m Walnut Shoe Cabinet,Assembly,1.0,169.0,2025-01-07,2025-01-07
2024-12-28 13:12:50+08:00,SC4,Vegas 60cm Oak Shoe Cabinet,Assembly,1.0,,2025-01-06,2025-01-06
2024-12-28 13:12:50+08:00,SC5,Vegas 1.2m Oak Shoe Cabinet,Assembly,1.0,338.0,2025-01-06,2025-01-06
2024-12-28 13:12:50+08:00,CU,Soft Close Hinge Upgrade,Upgrade,2.0,,2025-01-06,2025-01-06
2024-12-28 14:07:24+08:00,SI1685/Pine,Monaco 1.6m Pine Oak Sideboard,Assembly,1.0,,2025-01-17,2025-01-17
2024-12-28 14:07:24+08:00,BS-SI1685/607,Monaco 1.6m Walnut Sideboard,Assembly,1.0,713.44,2025-01-17,2025-01-17
2024-12-28 15:20:42+08:00,SI1885/Walnut,Monaco 1.8m Walnut 4-Door Sideboard,Assembly,1.0,429.0,2025-02-18,2025-02-18
2024-12-28 16:15:16+08:00,SI1685/Maple - NO LEGS,Monaco 1.6m Maple Oak Sideboard,Assembly,1.0,351.82,2025-01-06,2025-01-06
2024-12-28 19:08:42+08:00,SC15(X2),Vegas Oak 90cm Wide 162cm High Shoe Cabinet,Assembly,1.0,195.02,2025-01-06,2025-01-06
2024-12-28 23:32:03+08:00,TV1853/OK,Preston 1.8m TV Console Cabinet,Assembly,1.0,,2025-01-06,2025-01-06
2024-12-28 23:32:03+08:00,SC5(X2),Vegas Oak 1.2m Wide 162m High Shoe Cabinet,Assembly,1.0,580.0,2025-01-06,2025-01-06
2024-12-29 11:00:08+08:00,SC15/WAL,Vegas 90cm Walnut Shoe Cabinet,Assembly,1.0,130.97,2025-01-06,2025-01-06
2024-12-29 12:10:01+08:00,SC18/WAL-Silver legs,Texas 1.2m Walnut Shoe Cabinet,Assembly,1.0,,2025-01-06,2025-01-06
2024-12-29 12:10:01+08:00,,Change 8cm silver legs,Assembly,1.0,189.0,2025-01-06,2025-01-06
2024-12-29 12:43:50+08:00,SC4/WAL,Vegas 60cm Walnut 2-Door Shoe Cabinet,Assembly,1.0,116.62,2025-01-03,2025-01-03
2024-12-29 13:54:00+08:00,DC1254/PineWH,Cubic 1.2m Pine Oak White Chest Sideboard,Assembly,1.0,329.0,2025-02-15,2025-02-15
2024-12-29 14:25:33+08:00,CU,Soft Close Hinge Upgrade,Assembly,1.0,474.05,2025-01-06,2025-01-06
2024-12-29 14:25:33+08:00,"SI1623M/OakWH-1st Drawer soft close, Metal legs",Evie 1.6m Natural Oak White Chest Sideboard,Assembly,1.0,474.05,2025-01-06,2025-01-06
2024-12-29 14:25:33+08:00,,Soft Close Slider Upgrade,Upgrade,1.0,,2025-01-06,2025-01-06
2024-12-29 15:33:19+08:00,CU,Soft Close Hinge Upgrade,Upgrade,1.0,329.0,2025-01-10,2025-01-10
2024-12-29 15:33:19+08:00,SB1283/Walnut,Richmond 1.2m 3-Door Walnut Shoe Cabinet,Assembly,1.0,,2025-01-10,2025-01-10
2024-12-29 16:32:55+08:00,TV1634/614+4046-Metal legs,Paisley 1.6m Maple Oak TV Console Cabinet,Assembly,1.0,,2025-01-06,2025-01-06
2024-12-29 16:32:55+08:00,,Metal leg,Assembly,1.0,371.42,2025-01-06,2025-01-06
2024-12-29 16:46:31+08:00,CTM10688 (SR4/Maple),Custom Furniture,Custom,1.0,821.24,2025-02-25,2025-02-25
2024-12-29 16:46:31+08:00,CTM10688 (SR4/Maple),Custom Furniture,Custom,1.0,821.24,2025-03-25,2025-03-25
2024-12-29 18:47:50+08:00,SB1283/MapleWH-add ventilation cap,Richmond 1.2m 3-Door Maple Oak White Shoe Cabinet,Assembly,1.0,293.02,2025-01-17,2025-01-17
2024-12-29 19:06:07+08:00,SC4/WAL,Vegas 60cm Walnut 2-Door Shoe Cabinet,Assembly,1.0,104.89,2025-01-07,2025-01-07
2024-12-29 19:06:07+08:00,CU,Soft Close Hinge Upgrade,Upgrade,1.0,104.89,2025-01-07,2025-01-07
2024-12-29 21:01:17+08:00,SC5(X2)/WAL,Vegas Walnut 120cm Wide 162cm High Shoe Cabinet,Assembly,1.0,270.04,2025-01-07,2025-01-07
2024-12-29 21:01:17+08:00,CU,Soft Close Hinge Upgrade,Upgrade,1.0,270.04,2025-01-07,2025-01-07
2024-12-29 21:56:40+08:00,SC4(X2),Vegas Oak 60cm Wide 162cm High Shoe Cabinet,Assembly,1.0,199.0,2025-01-06,2025-01-06
2024-12-29 23:48:07+08:00,SI1623T/607,Evie 1.6m Walnut Chest Sideboard,Assembly,1.0,374.35,2025-01-07,2025-01-07
2024-12-30 13:39:09+08:00,SC4,Vegas 60cm Oak Shoe Cabinet,Assembly,1.0,119.0,2025-01-06,2025-01-06
2024-12-30 16:18:11+08:00,SC18/WAL,Texas 1.2m Walnut Shoe Cabinet,Assembly,2.0,331.24,2025-01-07,2025-01-07
2024-12-30 22:26:19+08:00,SC5/WAL,Vegas 1.2m Walnut 4-Door Shoe Cabinet,Assembly,1.0,169.0,2025-01-14,2025-01-14
2024-12-30 22:31:04+08:00,SC5,Vegas 1.2m Oak Shoe Cabinet,Assembly,1.0,169.0,2025-01-07,2025-01-07
2024-12-31 14:55:48+08:00,BS-SI1685-Showroom piece,Monaco Sideboard - Showroom piece,Assembly,1.0,,2025-01-06,2025-01-06
2024-12-31 14:55:48+08:00,SC4(X2),Vegas Oak 60cm Wide 162cm High Shoe Cabinet,Assembly,1.0,390.04,2025-01-06,2025-01-06
2024-12-31 17:43:36+08:00,CTM10700,Custom Furniture,Custom,1.0,700.0,2025-02-15,2025-02-15
2024-12-31 20:23:09+08:00,SI1685/Maple,Monaco 1.6m Maple Oak Sideboard,Assembly,1.0,682.1,2025-01-07,2025-01-07
2024-12-31 20:23:09+08:00,SI1685/Maple,Monaco 1.6m Maple Oak Sideboard,Assembly,1.0,682.1,2025-02-18,2025-02-18
2024-12-31 20:49:52+08:00,CU,Soft Close Hinge Upgrade,Upgrade,1.0,391.02,2025-02-18,2025-02-18
2024-12-31 20:49:52+08:00,SR4/Walnut,Munich 1.2m Walnut Highboard Storage Cabinet,Assembly,1.0,391.02,2025-02-18,2025-02-18
2025-01-01 00:20:07+08:00,SC5,Vegas 1.2m Oak Shoe Cabinet,Assembly,1.0,148.35,2025-01-10,2025-01-10
2025-01-01 00:47:07+08:00,SC15/WAL,Vegas 90cm Walnut Shoe Cabinet,Assembly,1.0,130.97,2025-01-07,2025-01-07
2025-01-01 00:47:07+08:00,CU,Soft Close Hinge Upgrade,Upgrade,1.0,130.97,2025-01-07,2025-01-07
2025-01-01 10:53:07+08:00,SC4/WAL,Vegas 60cm Walnut 2-Door Shoe Cabinet,Assembly,1.0,104.89,2025-01-10,2025-01-10
2025-01-01 10:54:55+08:00,BS-SS6020/MapleWH,Oxford 60cm Maple Oak White Bookcase,Assembly,1.0,,2025-01-06,2025-01-06
2025-01-01 10:56:22+08:00,SC5/WAL,Vegas 1.2m Walnut 4-Door Shoe Cabinet,Assembly,1.0,169.0,2025-01-07,2025-01-07
2025-01-01 10:56:22+08:00,CU,Soft Close Hinge Upgrade,Upgrade,1.0,169.0,2025-01-07,2025-01-07
2025-01-01 12:36:07+08:00,SC15,Vegas 90cm 3-Door Shoe Cabinet,Assembly,1.0,130.97,2025-01-07,2025-01-07
2025-01-01 12:36:07+08:00,CU,Soft Close Hinge Upgrade,Upgrade,1.0,130.97,2025-01-07,2025-01-07
2025-01-01 12:37:43+08:00,SI1685/Pine,Monaco 1.6m Pine Oak Sideboard,Assembly,2.0,682.1,2025-02-15,2025-02-15
2025-01-01 12:45:44+08:00,SI1885/Maple,Monaco 1.8m Maple Oak 4-Door Sideboard,Assembly,1.0,420.42,2025-02-20,2025-02-20
2025-01-01 15:08:05+08:00,SI1295O/Walnut-Soft close drawers and doors,Manhattan 1.2m V2 Walnut Sideboard,Assembly,1.0,,2025-01-03,2025-01-03
2025-01-01 15:08:05+08:00,,Soft Close Slider Upgrade,Upgrade,2.0,,2025-01-03,2025-01-03
2025-01-01 15:08:05+08:00,CU,Soft Close Hinge Upgrade,Upgrade,1.0,430.22,2025-01-03,2025-01-03
2025-01-01 17:11:54+08:00,SR4/Walnut,Munich 1.2m Walnut Highboard Storage Cabinet,Assembly,1.0,369.0,2025-02-18,2025-02-18
2025-01-01 19:47:13+08:00,SC15/WAL,Vegas 90cm Walnut Shoe Cabinet,Assembly,1.0,149.0,2025-01-06,2025-01-06
2025-01-01 19:57:08+08:00,SC18/OAK,Texas 1.2m Oak Shoe Cabinet,Assembly,1.0,165.62,2025-01-07,2025-01-07
2025-01-01 22:15:08+08:00,SC4/WAL,Vegas 60cm Walnut 2-Door Shoe Cabinet,Assembly,1.0,,2025-01-13,2025-01-13
2025-01-01 22:15:08+08:00,T80,48mm OPP Tape,Assembly,3.0,109.59,2025-01-13,2025-01-13
2025-01-02 11:09:08+08:00,SC4/WAL,Vegas 60cm Walnut 2-Door Shoe Cabinet,Assembly,1.0,104.89,2025-01-07,2025-01-07
2025-01-02 13:26:49+08:00,SC15,Vegas 90cm 3-Door Shoe Cabinet,Assembly,1.0,146.02,2025-01-07,2025-01-07
2025-01-02 14:00:18+08:00,SC4/WAL,Vegas 60cm Walnut 2-Door Shoe Cabinet,Assembly,1.0,,2025-01-07,2025-01-07
2025-01-02 14:00:18+08:00,CU,Soft Close Hinge Upgrade,Upgrade,1.0,146.02,2025-01-07,2025-01-07
2025-01-02 14:21:00+08:00,CU,Soft Close Hinge Upgrade,Upgrade,1.0,229.0,2025-02-15,2025-02-15
2025-01-02 14:21:00+08:00,CTM10719 (SB6001/PineWH),Custom Furniture,Custom,1.0,,2025-02-15,2025-02-15
2025-01-02 19:57:27+08:00,SR2/Pine-see remarks,Bremen 80cm Pine Oak Storage Cabinet,Assembly,1.0,289.0,2025-01-17,2025-01-17
2025-01-03 10:42:21+08:00,SB1283/MapleWH,Richmond 1.2m 3-Door Maple Oak White Shoe Cabinet,Assembly,1.0,,2025-01-16,2025-01-16
2025-01-03 10:42:21+08:00,CU,Soft Close Hinge Upgrade,Upgrade,1.0,329.0,2025-01-16,2025-01-16
2025-01-03 11:40:24+08:00,SC18/WAL,Texas 1.2m Walnut Shoe Cabinet,Assembly,1.0,169.0,2025-01-10,2025-01-10
2025-01-03 12:44:07+08:00,SC5/WAL,Vegas 1.2m Walnut 4-Door Shoe Cabinet,Assembly,1.0,148.35,2025-01-10,2025-01-10
2025-01-03 14:28:31+08:00,SC5,Vegas 1.2m Oak Shoe Cabinet,Assembly,1.0,,2025-01-10,2025-01-10
2025-01-03 14:28:31+08:00,CU,Soft Close Hinge Upgrade,Upgrade,1.0,195.02,2025-01-10,2025-01-10
2025-01-03 21:20:10+08:00,SC15(X2)/WAL,Vegas Walnut 90cm Wide 162cm High Shoe Cabinet,Assembly,1.0,273.42,2025-01-13,2025-01-13
2025-01-03 21:20:10+08:00,CU,Soft Close Hinge Upgrade,Upgrade,1.0,,2025-01-13,2025-01-13
2025-01-04 09:01:07+08:00,SC5/WAL,Vegas 1.2m Walnut 4-Door Shoe Cabinet,Assembly,1.0,148.35,2025-01-16,2025-01-16
2025-01-04 09:01:07+08:00,CU,Soft Close Hinge Upgrade,Upgrade,1.0,148.35,2025-01-16,2025-01-16
2025-01-04 10:00:07+08:00,SC15/WAL,Vegas 90cm Walnut Shoe Cabinet,Self-Assembly,1.0,104.89,2025-01-06,2025-01-06
2025-01-04 10:57:01+08:00,DC1606/RusticWH-AddSoftCloseDrawer,Verona 1.6m 3x2 Dresser Sideboard,Assembly,1.0,,2025-01-07,2025-01-07
2025-01-04 10:57:01+08:00,,Soft Close Slider Upgrade,Upgrade,6.0,508.62,2025-01-07,2025-01-07
2025-01-04 11:58:33+08:00,SR7/Pine(Premium)-Remove legs but send the legs to customer,Hamburg 1.6m Pine Oak Sideboard,Assembly,1.0,350.0,2025-01-10,2025-01-10
2025-01-04 12:46:39+08:00,BS-CTM10731,Custom Furniture,Custom,1.0,449.82,2025-01-10,2025-01-10
2025-01-04 12:56:45+08:00,CTM10732,Custom Furniture,Custom,1.0,499.0,2025-02-18,2025-02-18
2025-01-04 12:56:45+08:00,CU,Soft Close Hinge Upgrade,Upgrade,1.0,,2025-02-18,2025-02-18
2025-01-04 13:06:07+08:00,SC18/WAL,Texas 1.2m Walnut Shoe Cabinet,Assembly,1.0,165.62,2025-01-07,2025-01-07
2025-01-04 15:39:02+08:00,SC4,Vegas 60cm Oak Shoe Cabinet,Assembly,1.0,,2025-01-10,2025-01-10
2025-01-04 15:39:02+08:00,CU,Soft Close Hinge Upgrade,Upgrade,1.0,146.02,2025-01-10,2025-01-10
2025-01-04 19:05:33+08:00,SC4,Vegas 60cm Oak Shoe Cabinet,Assembly,1.0,119.0,2025-01-10,2025-01-10
2025-01-04 22:45:14+08:00,SC18/WAL,Texas 1.2m Walnut Shoe Cabinet,Assembly,1.0,169.0,2025-01-10,2025-01-10
2025-01-04 22:51:10+08:00,SC15/WAL,Vegas 90cm Walnut Shoe Cabinet,Assembly,1.0,149.0,2025-01-14,2025-01-14
2025-01-04 22:53:45+08:00,SC5,Vegas 1.2m Oak Shoe Cabinet,Assembly,1.0,169.0,2025-01-14,2025-01-14
2025-01-04 22:53:45+08:00,CU,Soft Close Hinge Upgrade,Upgrade,1.0,169.0,2025-01-14,2025-01-14
2025-01-05 10:37:27+08:00,SC18/WAL,Texas 1.2m Walnut Shoe Cabinet,Assembly,1.0,165.62,2025-01-13,2025-01-13
2025-01-05 11:43:05+08:00,SI1295/Maple,Manhattan 1.2m V1 Maple Oak Sideboard,Assembly,1.0,287.43,2025-02-18,2025-02-18
2025-01-05 12:13:15+08:00,SC15/WAL,Vegas 90cm Walnut Shoe Cabinet,Self-Assembly,1.0,129.0,2025-01-10,2025-01-10
2025-01-05 13:36:17+08:00,BS-DC7058/Pine-WOOD LEGS,Pepe 70cm Pine Oak 5-Drawer Chest,Assembly,1.0,,2025-01-13,2025-01-13
2025-01-05 13:36:17+08:00,,Solid Wood Legs,Assembly,1.0,400.82,2025-01-13,2025-01-13
2025-01-05 14:11:06+08:00,"SI1685/Maple-REMOVE LAST right DOOR, but send the door",Monaco 1.6m Oak Sideboard,Assembly,1.0,322.19,2025-01-14,2025-01-14
2025-01-05 17:22:07+08:00,SC5,Vegas 1.2m Oak Shoe Cabinet,Assembly,1.0,148.35,2025-01-14,2025-01-14
2025-01-05 19:13:43+08:00,SB8083/Walnut,Richie 80cm Shoe Cabinet,Assembly,1.0,229.0,2025-01-13,2025-01-13
2025-01-05 19:43:40+08:00,SC15/WAL,Vegas 90cm Walnut Shoe Cabinet,Assembly,1.0,149.0,2025-01-14,2025-01-14
2025-01-05 22:38:07+08:00,SC15,Vegas 90cm 3-Door Shoe Cabinet,Self-Assembly,1.0,104.89,2025-01-10,2025-01-10
2025-01-06 00:15:07+08:00,SC5/WAL,Vegas 1.2m Walnut 4-Door Shoe Cabinet,Self-Assembly,2.0,260.48,2025-01-10,2025-01-10
2025-01-06 13:45:17+08:00,SC5/WAL-Nail backboard,Vegas 1.2m Walnut 4-Door Shoe Cabinet,Assembly,1.0,169.0,2025-01-14,2025-01-14
2025-01-06 14:47:30+08:00,BS-SI1623M/OakWH,Evie 1.6m Natural Oak White Chest Sideboard,Assembly,1.0,469.0,2025-01-13,2025-01-13
2025-01-06 16:17:42+08:00,SC15/WAL,Vegas 90cm Walnut Shoe Cabinet,Assembly,1.0,146.02,2025-01-13,2025-01-13
2025-01-06 16:57:19+08:00,TV24/1.6/607,Hamburg 1.6m Walnut TV Console Cabinet,Assembly,1.0,269.0,2025-01-14,2025-01-14
2025-01-06 16:57:19+08:00,SB8083/Walnut-SC doors,Richie 80cm Shoe Cabinet,Assembly,1.0,269.0,2025-01-14,2025-01-14
2025-01-06 16:57:19+08:00,CU,Soft Close Hinge Upgrade,Upgrade,1.0,269.0,2025-01-14,2025-01-14
2025-01-06 17:11:49+08:00,TV24/1.6/607,Hamburg 1.6m Walnut TV Console Cabinet,Assembly,1.0,263.62,2025-01-13,2025-01-13
2025-01-06 19:41:02+08:00,SC5/WAL,Vegas 1.2m Walnut 4-Door Shoe Cabinet,Assembly,1.0,165.62,2025-01-13,2025-01-13
2025-01-06 19:52:15+08:00,SC5/WAL,Vegas 1.2m Walnut 4-Door Shoe Cabinet,Assembly,1.0,,2025-01-13,2025-01-13
2025-01-06 19:52:15+08:00,CU,Soft Close Hinge Upgrade,Upgrade,1.0,199.0,2025-01-13,2025-01-13
2025-01-06 21:19:28+08:00,BS-SB6304/Maple,Nara 60cm Wide 1.8m Maple Oak Tall Shoe Cabinet,Assembly,1.0,359.0,2025-01-16,2025-01-16
2025-01-06 21:19:28+08:00,CU,Soft Close Hinge Upgrade,Upgrade,1.0,359.0,2025-01-16,2025-01-16
2025-01-06 21:29:07+08:00,SB4311/MapleWH,Eden 40cm Maple Oak White Shoe Cabinet,Assembly,1.0,226.58,2025-01-16,2025-01-16
2025-01-07 01:12:07+08:00,SC18/OAK,Texas 1.2m Oak Shoe Cabinet,Assembly,1.0,146.9,2025-01-14,2025-01-14
2025-01-07 13:05:29+08:00,TV1634/Walnut-HDL-D210-64-BRS2-Metal legs,Paisley 1.6m Walnut TV Console Cabinet,Assembly,1.0,,2025-01-17,2025-01-17
2025-01-07 13:05:29+08:00,CH,Handle Upgrade,Upgrade,4.0,,2025-01-17,2025-01-17
2025-01-07 13:05:29+08:00,,Legs Upgrade,Upgrade,1.0,359.0,2025-01-17,2025-01-17
2025-01-07 13:23:37+08:00,SC4(X2)/WAL,Vegas Walnut 60cm Wide 162cm High Shoe Cabinet,Assembly,1.0,199.0,2025-01-16,2025-01-16
2025-01-07 14:23:05+08:00,SC4(X2)/WAL,Vegas Walnut 60cm Wide 162cm High Shoe Cabinet,Assembly,1.0,174.43,2025-01-16,2025-01-16
2025-01-07 15:38:23+08:00,SB1283/Walnut,Richmond 1.2m 3-Door Walnut Shoe Cabinet,Assembly,1.0,,2025-01-16,2025-01-16
2025-01-07 15:38:23+08:00,CU,Soft Close Hinge Upgrade,Upgrade,1.0,322.42,2025-01-16,2025-01-16
2025-01-07 18:00:49+08:00,SC15(X2)/WAL,Vegas Walnut 90cm Wide 162cm High Shoe Cabinet,Assembly,1.0,226.58,2025-01-16,2025-01-16
2025-01-07 19:50:02+08:00,SB4311/Walnut,Eden 40cm Walnut Shoe Cabinet,Assembly,1.0,259.0,2025-01-07,2025-01-07
2025-01-08 09:43:24+08:00,SC4,Vegas 60cm Oak Shoe Cabinet,Assembly,1.0,119.0,2025-01-14,2025-01-14
2025-01-08 09:43:24+08:00,CU,Soft Close Hinge Upgrade,Upgrade,1.0,119.0,2025-01-14,2025-01-14
2025-01-08 13:22:53+08:00,SC4,Vegas 60cm Oak Shoe Cabinet,Assembly,1.0,116.62,2025-01-14,2025-01-14
2025-01-08 13:55:01+08:00,SC5,Vegas 1.2m Oak Shoe Cabinet,Assembly,1.0,165.62,2025-01-14,2025-01-14
2025-01-08 14:20:31+08:00,,Legs Upgrade,10cm Black PVC,1.0,293.02,2025-02-25,2025-02-25
2025-01-08 14:20:31+08:00,SB6335/Walnut-blackplastic legs,Kyoto 60cm Walnut Shoe Cabinet,Assembly,1.0,,2025-02-25,2025-02-25
2025-01-08 14:25:51+08:00,SR7/PineWH(Premium),Hamburg 1.6m Pine Oak White Sideboard,Assembly,1.0,361.62,2025-01-16,2025-01-16
2025-01-08 19:04:26+08:00,SC18/WAL,Texas 1.2m Walnut Shoe Cabinet,Assembly,1.0,165.62,2025-01-16,2025-01-16
2025-01-08 19:16:52+08:00,SC18/WAL,Texas 1.2m Walnut Shoe Cabinet,Assembly,1.0,,2025-01-20,2025-01-20
2025-01-08 19:16:52+08:00,CU,Soft Close Hinge Upgrade,Upgrade,1.0,195.02,2025-01-20,2025-01-20
2025-01-08 19:21:20+08:00,SC15,Vegas 90cm 3-Door Shoe Cabinet,Assembly,1.0,149.0,2025-01-17,2025-01-17
2025-01-08 19:38:14+08:00,TV1565/Pine,Vita 1.5m Pine Oak TV Console Cabinet,Assembly,1.0,,2025-01-22,2025-01-22
2025-01-08 19:38:14+08:00,SS6020/Maple,Oxford 60cm Bookcase,Assembly,1.0,,2025-02-28,2025-02-28
2025-01-08 20:43:06+08:00,SC4/WAL,Vegas 60cm Walnut 2-Door Shoe Cabinet,Assembly,1.0,104.89,2025-01-17,2025-01-17
2025-01-08 20:43:06+08:00,CU,Soft Close Doors Upgrade,Upgrade,1.0,104.89,2025-01-17,2025-01-17
2025-01-09 13:55:16+08:00,BS-SS6020/WH,Oxford 60cm White Bookcase,Assembly,1.0,,2025-01-16,2025-01-16
2025-01-09 13:55:16+08:00,CU,Soft Close Hinge Upgrade,Upgrade,1.0,322.42,2025-01-16,2025-01-16
2025-01-09 13:58:25+08:00,SC18/OAK,Texas 1.2m Oak Shoe Cabinet,Assembly,1.0,165.62,2025-01-17,2025-01-17
2025-01-09 14:29:06+08:00,SC5/WAL,Vegas 1.2m Walnut 4-Door Shoe Cabinet,Assembly,1.0,148.35,2025-01-17,2025-01-17
2025-01-09 14:32:04+08:00,SC15,Vegas 90cm 3-Door Shoe Cabinet,Assembly,1.0,130.97,2025-01-17,2025-01-17
2025-01-09 17:15:27+08:00,SB8083/Walnut,Richie 80cm Shoe Cabinet,Assembly,1.0,229.0,2025-01-17,2025-01-17
2025-01-09 23:18:59+08:00,SC15/WAL,Vegas 90cm Walnut Shoe Cabinet,Assembly,1.0,149.0,2025-01-17,2025-01-17
2025-01-09 23:23:07+08:00,SB6001/3027,Richie 60cm Rosewood Shoe Cabinet,Assembly,1.0,199.0,2025-01-16,2025-01-16
2025-01-10 09:31:51+08:00,SC15,Vegas 90cm 3-Door Shoe Cabinet,Assembly,1.0,,2025-01-17,2025-01-17
2025-01-10 09:31:51+08:00,DC1232/MapleWH,Eve 1.2m Maple Oak White Chest Sideboard,Assembly,1.0,478.0,2025-01-17,2025-01-17
2025-01-10 09:31:51+08:00,CU,Soft Close Hinge Upgrade,Upgrade,1.0,478.0,2025-01-17,2025-01-17
2025-01-10 19:58:07+08:00,SC15,Vegas 90cm 3-Door Shoe Cabinet,Assembly,1.0,130.97,2025-01-20,2025-01-20
2025-01-10 20:57:58+08:00,SI1685S/607,Monaco 1.6m Walnut 4-Door Sideboard,Assembly,1.0,359.0,2025-01-20,2025-01-20
2025-01-11 00:25:38+08:00,SB1283/MapleWH,Richmond 1.2m 3-Door Maple Oak White Shoe Cabinet,Assembly,1.0,299.0,2025-01-20,2025-01-20
2025-01-11 14:18:19+08:00,CTM10789A,Custom Furniture,Custom,2.0,1148.0,2025-03-19,2025-03-19
2025-01-11 14:18:19+08:00,CTM10789B,Custom Furniture,Custom,1.0,1148.0,2025-03-19,2025-03-19
2025-01-11 16:57:19+08:00,CU,Soft Close Hinge Upgrade,Upgrade,1.0,224.42,2025-01-20,2025-01-20
2025-01-11 16:57:19+08:00,BS-SC4(X2),Vegas Oak 60cm Wide 162cm High Shoe Cabinet,Assembly,1.0,,2025-01-20,2025-01-20
2025-01-11 17:27:47+08:00,CTM10791,Custom Furniture,Custom,2.0,1400.0,2025-03-27,2025-03-27
2025-01-12 11:36:33+08:00,SC15/WAL,Vegas 90cm Walnut Shoe Cabinet,Assembly,1.0,146.02,2025-01-20,2025-01-20
2025-01-12 11:59:47+08:00,BS-SS6202/Walnut,Warwick 60cm Walnut Bookcase Display Shelf,Assembly,1.0,293.02,2025-01-23,2025-01-23
2025-01-12 14:07:02+08:00,CTM10794,Custom Furniture,Custom,1.0,293.02,2025-03-19,2025-03-19
2025-01-12 15:20:35+08:00,SC18/WAL,Texas 1.2m Walnut Shoe Cabinet,Assembly,1.0,,2025-01-20,2025-01-20
2025-01-12 15:20:35+08:00,CU,Soft Close Hinge Upgrade,Upgrade,1.0,195.02,2025-01-20,2025-01-20
2025-01-12 18:03:03+08:00,CU,Soft Close Hinge Upgrade,Upgrade,2.0,,2025-03-18,2025-03-18
2025-01-12 18:03:03+08:00,,Soft Closing Slider Upgrade,Sliders / Soft Close,3.0,1300.0,2025-03-18,2025-03-18
2025-01-12 18:03:03+08:00,CTM10798A,Custom Furniture A,Custom,1.0,,2025-03-18,2025-03-18
2025-01-12 18:03:03+08:00,CTM10798B,Custom Furniture B,Custom,1.0,,2025-03-18,2025-03-18
2025-01-13 12:42:38+08:00,HDL A395 224mm,Handle 224mm,Accessories,4.0,40.0,2025-01-27,2025-01-27
2025-01-13 13:31:42+08:00,SC15,Vegas 90cm 3-Door Shoe Cabinet,Assembly,1.0,,2025-01-20,2025-01-20
2025-01-13 13:31:42+08:00,C,Dang High Back Office Chair,3D Armrest / F19-01,1.0,548.0,2025-03-05,2025-03-05
2025-01-13 15:19:56+08:00,SC5/WAL-Nail backboard,Vegas 1.2m Walnut 4-Door Shoe Cabinet,Assembly,1.0,,2025-01-20,2025-01-20
2025-01-13 15:19:56+08:00,SC15/WAL-Nail backboard,Vegas 90cm Walnut Shoe Cabinet,Assembly,2.0,457.66,2025-01-20,2025-01-20
2025-01-13 18:00:32+08:00,BS-SC15/WAL,Vegas 90cm Walnut Shoe Cabinet,Assembly,1.0,149.0,2025-01-20,2025-01-20
2025-01-13 20:42:53+08:00,SB6304/OakWH,Nara 60cm Wide 1.8m Oak White High Shoe Cabinet,Assembly,1.0,322.19,2025-01-22,2025-01-22
2025-01-13 20:42:53+08:00,CU,Soft Close Hinge Upgrade,Upgrade,1.0,322.19,2025-01-22,2025-01-22
2025-01-14 13:49:39+08:00,SC5,Vegas 1.2m Oak Shoe Cabinet,Assembly,1.0,169.0,2025-01-22,2025-01-22
2025-01-14 20:35:03+08:00,SC5/WAL,Vegas 1.2m Walnut 4-Door Shoe Cabinet,Assembly,1.0,169.0,2025-01-22,2025-01-22
2025-01-14 21:17:07+08:00,SC15- no legs,Vegas 90cm 3-Door Shoe Cabinet,Assembly,1.0,130.97,2025-01-20,2025-01-20
2025-01-15 03:13:08+08:00,SC5,Vegas 1.2m Oak Shoe Cabinet,Assembly,1.0,148.35,2025-01-22,2025-01-22
2025-01-15 11:05:56+08:00,BS-SC15/WAL,Vegas 90cm Walnut Shoe Cabinet,Assembly,1.0,,2025-01-20,2025-01-20
2025-01-15 11:05:56+08:00,CU,Soft Close Hinge Upgrade,Upgrade,1.0,175.42,2025-01-20,2025-01-20
2025-01-15 13:58:52+08:00,CU,Soft Close Hinge Upgrade,Upgrade,1.0,715.4,2025-03-19,2025-03-19
2025-01-15 13:58:52+08:00,CTM10812- provide 4x l bracket and screws for customer,Custom Furniture,Custom,1.0,,2025-03-19,2025-03-19
2025-01-15 18:45:37+08:00,SC5/WAL,Vegas 1.2m Walnut 4-Door Shoe Cabinet,Assembly,1.0,165.62,2025-01-22,2025-01-22
2025-01-15 19:29:08+08:00,SC18/WAL,Texas 1.2m Walnut Shoe Cabinet,Assembly,1.0,165.62,2025-01-20,2025-01-20
2025-01-15 20:40:11+08:00,CTM10815 (TV24-W/White+Ash),Custom Furniture,Custom,1.0,269.0,2025-03-10,2025-03-10
2025-01-15 22:47:58+08:00,SC5/WAL,Vegas 1.2m Walnut 4-Door Shoe Cabinet,Assembly,1.0,169.0,2025-01-22,2025-01-22
2025-01-16 10:09:06+08:00,SC15/WAL,Vegas 90cm Walnut Shoe Cabinet,Assembly,1.0,130.97,2025-02-15,2025-02-15
2025-01-16 12:00:42+08:00,SC18/WAL,Texas 1.2m Walnut Shoe Cabinet,Assembly,1.0,165.62,2025-01-23,2025-01-23
2025-01-16 12:32:06+08:00,DR50,Stretch Film Dispenser Ring Holder,Assembly,2.0,4.42,2025-01-17,2025-01-17
2025-01-16 16:58:06+08:00,DC1232/MapleWH,Eve 1.2m Oak White Chest Sideboard,Assembly,1.0,243.97,2025-02-18,2025-02-18
2025-01-17 14:07:04+08:00,SC15,Vegas 90cm 3-Door Shoe Cabinet,Assembly,1.0,146.02,2025-01-20,2025-01-20
2025-01-17 16:49:22+08:00,CU,Soft Close Hinge Upgrade,Upgrade,1.0,169.0,2025-01-24,2025-01-24
2025-01-17 16:49:22+08:00,SC5/WAL,Vegas 1.2m Walnut 4-Door Shoe Cabinet,Assembly,1.0,169.0,2025-01-24,2025-01-24
2025-01-17 18:21:13+08:00,SC15,Vegas 90cm 3-Door Shoe Cabinet,Assembly,1.0,146.02,2025-01-22,2025-01-22
2025-01-18 00:14:07+08:00,CU,Soft Close Hinge Upgrade,Upgrade,1.0,148.35,2025-01-24,2025-01-24
2025-01-18 00:14:07+08:00,SC5,Vegas 1.2m Oak Shoe Cabinet,Assembly,1.0,148.35,2025-01-24,2025-01-24
2025-01-18 01:30:08+08:00,SC15,Vegas 90cm 3-Door Shoe Cabinet,Assembly,1.0,130.97,2025-01-22,2025-01-22
2025-01-18 10:58:25+08:00,SC5/WAL,Vegas 1.2m Walnut 4-Door Shoe Cabinet,Assembly,1.0,169.0,2025-01-22,2025-01-22
2025-01-18 12:15:41+08:00,SS6202/Walnut,Warwick 60cm Walnut Bookcase Display Shelf,Assembly,1.0,293.02,2025-01-22,2025-01-22
2025-01-18 13:20:36+08:00,,Legs Upgrade,Upgrade,1.0,349.0,2025-02-20,2025-02-20
2025-01-18 13:20:36+08:00,SB1283/MapleWH-Add Wheels,Richmond 1.2m 3-Door Maple Oak White Shoe Cabinet,Assembly,1.0,,2025-02-20,2025-02-20
2025-01-18 13:31:57+08:00,SI1295O/Pine,Manhattan 1.2m Pine Oak Sideboard,Assembly,1.0,,2025-01-24,2025-01-24
2025-01-18 13:31:57+08:00,CH,Handle Upgrade,Upgrade,4.0,858.0,2025-01-24,2025-01-24
2025-01-18 13:31:57+08:00,CU,Soft Close Hinge Upgrade,Upgrade,2.0,,2025-01-24,2025-01-24
2025-01-18 13:31:57+08:00,TV1865/PineBK-HDL C816-128-SS,Vita 1.8m Pine Oak Black TV Console Cabinet,Assembly,1.0,,2025-01-24,2025-01-24
2025-01-18 13:44:49+08:00,CU,Soft Close Hinge Upgrade,Upgrade,1.0,530.0,2025-03-21,2025-03-21
2025-01-18 13:44:49+08:00,CTM10831,Custom Furniture,Custom,1.0,,2025-03-21,2025-03-21
2025-01-18 14:55:05+08:00,BS-SC4,Vegas 60cm Oak Shoe Cabinet,Assembly,1.0,96.2,2025-01-22,2025-01-22
2025-01-18 15:15:20+08:00,SC15,Vegas 90cm 3-Door Shoe Cabinet,Assembly,1.0,146.02,2025-01-22,2025-01-22
2025-01-18 16:37:58+08:00,,Soft Closing Slider Upgrade,Sliders / Soft Close,2.0,,2025-02-28,2025-02-28
2025-01-18 16:37:58+08:00,CU,Soft Close Hinge Upgrade,Upgrade,1.0,440.02,2025-02-28,2025-02-28
2025-01-18 16:37:58+08:00,"CTM10834 (SI1593/Walnut)-No legs, see remarks",Custom Furniture,Custom,1.0,,2025-02-28,2025-02-28
2025-01-18 18:15:07+08:00,BS-TV1565/PineBK,Vita 1.5m Pine Oak Black TV Console Cabinet,Assembly,1.0,296.12,2025-01-22,2025-01-22
2025-01-18 19:25:12+08:00,CU,Soft Close Hinge Upgrade,Upgrade,1.0,169.0,2025-01-23,2025-01-23
2025-01-18 19:25:12+08:00,SC18/OAK,Texas 1.2m Oak Shoe Cabinet,Assembly,1.0,169.0,2025-01-23,2025-01-23
2025-01-18 23:24:07+08:00,CU,Soft Close Hinge Upgrade,Upgrade,1.0,169.0,2025-01-23,2025-01-23
2025-01-18 23:24:07+08:00,SC5/WAL,Vegas 1.2m Walnut 4-Door Shoe Cabinet,Assembly,1.0,169.0,2025-01-23,2025-01-23
2025-01-19 01:16:41+08:00,SI1593/Maple,Manhattan Flat Top 1.6m Maple Oak Sideboard,Assembly,1.0,379.0,2025-03-10,2025-03-10
2025-01-19 11:21:52+08:00,CU,Soft Close Hinge Upgrade,Upgrade,1.0,,2025-01-23,2025-01-23
2025-01-19 11:21:52+08:00,SC18/WAL,Texas 1.2m Walnut Shoe Cabinet,Assembly,1.0,195.02,2025-01-23,2025-01-23
2025-01-19 12:09:09+08:00,CU,Soft Close Hinge Upgrade,Upgrade,3.0,2037.0,2025-03-19,2025-03-19
2025-01-19 12:09:09+08:00,CTM10840A,Custom Furniture A,Custom,1.0,,2025-03-19,2025-03-19
2025-01-19 12:09:09+08:00,CTM10840B,Custom Furniture B,Custom,1.0,,2025-03-19,2025-03-19
2025-01-19 12:09:09+08:00,CTM10840C,Custom Furniture C,Custom,1.0,,2025-03-19,2025-03-19
2025-01-19 12:09:09+08:00,CTM10840D,Custom Furniture D,Custom,1.0,,2025-03-19,2025-03-19
2025-01-19 12:09:09+08:00,CTM10840E,Custom Furniture E,Custom,1.0,,2025-03-19,2025-03-19
2025-01-19 12:09:09+08:00,CTM10840F,Custom Furniture F,Custom,1.0,,2025-03-19,2025-03-19
2025-01-19 12:20:48+08:00,CTM10841 (SB1283/Ash+1002),Custom Furniture,Custom,1.0,,2025-02-28,2025-02-28
2025-01-19 12:20:48+08:00,CU,Soft Close Hinge Upgrade,Upgrade,1.0,322.42,2025-02-28,2025-02-28
2025-01-19 13:45:23+08:00,BS-SI1295O/MapleMB,Manhattan 1.2m Maple Oak Cement Sideboard,Assembly,1.0,,2025-01-24,2025-01-24
2025-01-19 13:45:23+08:00,SB6012/Maple-Metal leg,Kobe 60cm Maple Oak Shoe Cabinet with Drawer,Assembly,1.0,,2025-01-24,2025-01-24
2025-01-19 13:45:23+08:00,,Legs Upgrade - Metal,Upgrade,1.0,762.44,2025-01-24,2025-01-24
2025-01-19 13:49:25+08:00,BS-DC8036/MapleWH,Union 80cm Chest of 6 Drawers,Assembly,1.0,391.02,2025-01-23,2025-01-23
2025-01-19 15:45:48+08:00,SB1283/MapleWH,Richmond 1.2m 3-Door Maple Oak White Shoe Cabinet,Assembly,1.0,293.02,2025-02-18,2025-02-18
2025-01-19 16:08:06+08:00,CU,Soft Close Hinge Upgrade,Upgrade,1.0,130.97,2025-01-23,2025-01-23
2025-01-19 16:08:06+08:00,SC15,Vegas 90cm 3-Door Shoe Cabinet,Assembly,1.0,130.97,2025-01-23,2025-01-23
2025-01-19 16:12:05+08:00,SC15,Vegas 90cm 3-Door Shoe Cabinet,Assembly,1.0,149.0,2025-01-23,2025-01-23
2025-01-19 16:16:14+08:00,,Dreamland Hotel Choice Custom 107 x 176,Assembly,1.0,500.0,2025-02-28,2025-02-28
2025-01-19 16:20:07+08:00,SC15,Vegas 90cm 3-Door Shoe Cabinet,Assembly,1.0,130.97,2025-01-23,2025-01-23
2025-01-19 17:09:03+08:00,SB6304/Pine- add holes to each shelf level,Nara 60cm Wide 1.8m Pine Oak Tall Shoe Cabinet,Assembly,1.0,,2025-01-23,2025-01-23
2025-01-19 17:09:03+08:00,,Holes at each shelf,Assembly,1.0,389.0,2025-01-23,2025-01-23
2025-01-19 18:27:17+08:00,SC15/WAL,Vegas 90cm Walnut Shoe Cabinet,Assembly,1.0,149.0,2025-03-24,2025-03-24
2025-01-19 18:27:17+08:00,CU,Soft Close Hinge Upgrade,Upgrade,1.0,149.0,2025-03-24,2025-03-24
2025-01-19 20:09:20+08:00,SC15(X2),Vegas Oak 90cm Wide 162cm High Shoe Cabinet,Assembly,1.0,249.0,2025-01-24,2025-01-24
2025-01-19 20:30:43+08:00,SR6/PineWH,Hamburg 1.4m Sideboard,Assembly,1.0,322.42,2025-01-24,2025-01-24
2025-01-19 21:37:08+08:00,SC4/WAL,Vegas 60cm Walnut 2-Door Shoe Cabinet,Assembly,1.0,104.89,2025-01-23,2025-01-23
2025-01-19 21:56:08+08:00,SC4/WAL,Vegas 60cm Walnut 2-Door Shoe Cabinet,Assembly,1.0,104.89,2025-01-24,2025-01-24
2025-01-20 13:17:03+08:00,SC18(X2)/WAL,Texas Walnut 1.2m Wide 163m High Shoe Cabinet,Assembly,1.0,,2025-01-22,2025-01-22
2025-01-20 13:17:03+08:00,CU,Soft Close Hinge Upgrade,Upgrade,2.0,351.82,2025-01-22,2025-01-22
2025-01-20 15:22:01+08:00,CU,Soft Close Hinge Upgrade,Upgrade,1.0,195.02,2025-01-24,2025-01-24
2025-01-20 15:22:01+08:00,SC18/WAL,Texas 1.2m Walnut Shoe Cabinet,Assembly,1.0,,2025-01-24,2025-01-24
2025-01-20 20:00:19+08:00,CU,Soft Close Hinge Upgrade,Upgrade,1.0,195.02,2025-01-23,2025-01-23
2025-01-20 20:00:19+08:00,,Legs Upgrade,Upgrade,1.0,195.02,2025-01-23,2025-01-23
2025-01-20 20:00:19+08:00,SC18/WAL-Metal legs,Soft Close Hinge Upgrade,Assembly,1.0,,2025-01-23,2025-01-23
2025-01-21 08:48:11+08:00,CU,Soft Close Hinge Upgrade,Upgrade,1.0,430.0,2025-03-18,2025-03-18
2025-01-21 08:48:11+08:00,CTM10861,Custom Furniture,Custom,1.0,430.0,2025-03-18,2025-03-18
2025-01-21 11:13:29+08:00,Hexa Bookcase,Hexa 90cm Metal Bookcase Cabinet Wardrobe,Assembly,1.0,313.5,2025-01-24,2025-01-24
2025-01-21 11:38:22+08:00,SC18/WAL,Texas 1.2m Walnut Shoe Cabinet,Assembly,1.0,165.62,2025-01-23,2025-01-23
2025-01-21 13:51:39+08:00,SC15,Vegas 90cm 3-Door Shoe Cabinet,Assembly,1.0,,2025-01-23,2025-01-23
2025-01-21 13:51:39+08:00,SC5,Vegas 1.2m Oak Shoe Cabinet,Assembly,1.0,311.64,2025-01-23,2025-01-23
2025-01-21 18:15:40+08:00,SR7/Walnut(Premium),Hamburg 1.6m Walnut Sideboard,Assembly,1.0,369.0,2025-03-18,2025-03-18
2025-01-21 18:59:52+08:00,SC18/WAL,Texas 1.2m Walnut Shoe Cabinet,Assembly,1.0,169.0,2025-01-24,2025-01-24
2025-01-21 19:18:27+08:00,Miranda Custom / Queen,Miranda Fabric Divan Bedframe,Custom,1.0,330.0,2025-02-20,2025-02-20
2025-01-21 20:28:07+08:00,SC18/WAL,Texas 1.2m Walnut Shoe Cabinet,Assembly,1.0,148.35,2025-01-27,2025-01-27
2025-01-21 23:16:07+08:00,SC5/WAL,Vegas 1.2m Walnut 4-Door Shoe Cabinet,Assembly,1.0,148.35,2025-01-27,2025-01-27
2025-01-22 00:33:08+08:00,CU,Soft Close Hinge Upgrade,Upgrade,1.0,146.9,2025-01-27,2025-01-27
2025-01-22 00:33:08+08:00,SC18/OAK,Texas 1.2m Oak Shoe Cabinet,Assembly,1.0,146.9,2025-01-27,2025-01-27
2025-01-22 01:57:08+08:00,DR50,Stretch Film Dispenser Ring Holder,Assembly,4.0,4.95,2025-01-31,2025-01-31
2025-01-22 07:51:08+08:00,SC4/WAL,Vegas 60cm Walnut 2-Door Shoe Cabinet,Assembly,1.0,104.89,2025-01-27,2025-01-27
2025-01-22 13:06:12+08:00,SC18/OAK,Texas 1.2m Oak Shoe Cabinet,Assembly,1.0,165.62,2025-01-27,2025-01-27
2025-01-22 16:39:14+08:00,BS-SB6001/Pine,Richie 60cm Pine Oak Shoe Cabinet,Assembly,1.0,195.02,2025-01-27,2025-01-27
2025-01-22 18:24:17+08:00,BS-SB6001/3027,Richie 60cm Rosewood Shoe Cabinet,Assembly,1.0,195.02,2025-01-27,2025-01-27
2025-01-22 18:52:24+08:00,BS-DC1232/Walnut,Eve 1.2m Walnut Chest Sideboard,Assembly,1.0,329.0,2025-01-27,2025-01-27
2025-01-22 20:43:59+08:00,SC5,Vegas 1.2m Oak Shoe Cabinet,Assembly,1.0,169.0,2025-01-24,2025-01-24
2025-01-22 21:21:07+08:00,SC5/WAL,Vegas 1.2m Walnut 4-Door Shoe Cabinet,Assembly,1.0,148.35,2025-01-27,2025-01-27
2025-01-23 09:36:32+08:00,CU,Soft Close Hinge Upgrade,Upgrade,1.0,129.0,2025-03-25,2025-03-25
2025-01-23 09:36:32+08:00,SC15/WAL,Vegas 90cm Walnut Shoe Cabinet,Self-Assembly,1.0,129.0,2025-03-25,2025-03-25
2025-01-23 11:30:15+08:00,SC15,Vegas 90cm 3-Door Shoe Cabinet,Assembly,1.0,146.02,2025-01-27,2025-01-27
2025-01-23 11:39:05+08:00,SB8322/WH,Tomi 80cm Storage Cabinet,Assembly,1.0,259.89,2025-02-28,2025-02-28
2025-01-23 12:06:58+08:00,CU,Soft Close Hinge Upgrade,Upgrade,1.0,399.0,2025-03-18,2025-03-18
2025-01-23 12:06:58+08:00,CTM10882,Custom Furniture,Custom,1.0,,2025-03-18,2025-03-18
2025-01-23 15:07:06+08:00,SC18/WAL,Texas 1.2m Walnut Shoe Cabinet,Assembly,1.0,,2025-01-24,2025-01-24
2025-01-23 15:07:06+08:00,CU,Soft Close Hinge Upgrade,Upgrade,1.0,195.02,2025-01-24,2025-01-24
2025-01-23 15:20:27+08:00,SC4/WAL,Vegas 60cm Walnut 2-Door Shoe Cabinet,Assembly,1.0,119.0,2025-01-23,2025-01-23
2025-01-23 20:04:54+08:00,SC18/WAL,Texas 1.2m Walnut Shoe Cabinet,Assembly,1.0,165.62,2025-01-27,2025-01-27
2025-01-24 18:23:28+08:00,SB6304/Maple,Nara 60cm Wide 1.8m Maple Oak Tall Shoe Cabinet,Assembly,1.0,359.0,2025-02-15,2025-02-15
2025-01-24 18:23:28+08:00,CU,Soft Close Hinge Upgrade,Upgrade,1.0,359.0,2025-02-15,2025-02-15
2025-01-24 18:29:48+08:00,TV24/1.6/MapleWH,Hamburg 1.6m Maple Oak White TV Console Cabinet,Assembly,1.0,,2025-03-04,2025-03-04
2025-01-24 18:29:48+08:00,SB1283/MapleWH,Richmond 1.2m 3-Door Maple Oak White Shoe Cabinet,Assembly,1.0,556.64,2025-03-04,2025-03-04
2025-01-24 23:09:42+08:00,CU,Soft Close Hinge Upgrade,Upgrade,1.0,169.0,2025-01-27,2025-01-27
2025-01-24 23:09:42+08:00,BS-SC5/WAL,Vegas 1.2m Walnut Shoe Cabinet,Assembly,1.0,169.0,2025-01-27,2025-01-27
2025-01-25 12:54:11+08:00,CU,Soft Close Hinge Upgrade,Upgrade,1.0,149.0,2025-01-27,2025-01-27
2025-01-25 12:54:11+08:00,SC4/WAL,Vegas 60cm Walnut 2-Door Shoe Cabinet,Assembly,1.0,,2025-01-27,2025-01-27
2025-01-25 15:21:41+08:00,CU,Soft Close Hinge Upgrade,Upgrade,1.0,,2025-01-27,2025-01-27
2025-01-25 15:21:41+08:00,BS-SI1685S/Pine,Monaco 1.6m Pine Oak 4-Door Sideboard,Assembly,1.0,381.22,2025-01-27,2025-01-27
2025-01-25 15:22:15+08:00,SC4/WAL,Vegas 60cm Walnut 2-Door Shoe Cabinet,Assembly,1.0,116.62,2025-01-27,2025-01-27
2025-01-25 15:22:15+08:00,CU,Soft Close Hinge Upgrade,Upgrade,1.0,116.62,2025-01-27,2025-01-27
2025-01-25 16:47:47+08:00,CTM10893A,Custom Furniture,Custom,1.0,,2025-03-21,2025-03-21
2025-01-25 16:47:47+08:00,CTM10893B,Custom Furniture,Custom,1.0,1862.0,2025-03-21,2025-03-21
2025-01-25 16:58:26+08:00,CU,Soft Close Hinge Upgrade,Upgrade,1.0,322.42,2025-01-27,2025-01-27
2025-01-25 16:58:26+08:00,SC18(X2)/WAL,Texas Walnut 1.2m Wide 163m High Shoe Cabinet,Assembly,1.0,,2025-01-27,2025-01-27
2025-01-26 00:22:06+08:00,SC5/WAL,Vegas 1.2m Walnut 4-Door Shoe Cabinet,Assembly,1.0,148.35,2025-01-27,2025-01-27
2025-01-26 10:13:22+08:00,CTM10897A,Custom Furniture,Custom,1.0,,2025-03-18,2025-03-18
2025-01-26 10:13:22+08:00,CTM10897B,Custom Furniture,Custom,1.0,1400.0,2025-03-18,2025-03-18
2025-01-26 10:31:26+08:00,SB1283/White,Richmond 1.2m 3-Door White Shoe Cabinet,Assembly,1.0,261.35,2025-03-27,2025-03-27
2025-01-26 10:35:07+08:00,SC18/OAK,Texas 1.2m Oak Shoe Cabinet,Assembly,1.0,146.9,2025-01-27,2025-01-27
2025-01-26 11:38:47+08:00,SC4/WAL,Vegas 60cm Walnut 2-Door Shoe Cabinet,Assembly,2.0,238.0,2025-01-27,2025-01-27
2025-01-26 11:38:47+08:00,CU,Soft Close Hinge Upgrade,Upgrade,2.0,238.0,2025-01-27,2025-01-27
2025-01-26 12:57:37+08:00,SI1295/Walnut,Manhattan Flat Top 1.2m Walnut Sideboard,Assembly,1.0,359.0,2025-01-27,2025-01-27
2025-01-26 15:02:32+08:00,CTM10903-SC Drawers and Doors,Custom Furniture,Custom,1.0,,2025-03-18,2025-03-18
2025-01-26 15:02:32+08:00,CU,Soft Close Hinge Upgrade,Upgrade,1.0,,2025-03-18,2025-03-18
2025-01-26 15:02:32+08:00,,Soft Closing Slider Upgrade,Sliders / Soft Close,3.0,469.42,2025-03-18,2025-03-18
2025-01-26 17:24:56+08:00,SC15(X2),Vegas Oak 90cm Wide 162cm High Shoe Cabinet,Assembly,1.0,226.58,2025-02-05,2025-02-05
2025-01-26 18:01:46+08:00,SB1283/MapleWH,Richmond 1.2m 3-Door Maple Oak White Shoe Cabinet,Assembly,1.0,,2025-02-28,2025-02-28
2025-01-26 18:01:46+08:00,CU,Soft Close Hinge Upgrade,Upgrade,1.0,322.42,2025-02-28,2025-02-28
2025-01-26 22:16:07+08:00,SC15,Vegas 90cm 3-Door Shoe Cabinet,Assembly,1.0,130.97,2025-02-05,2025-02-05
2025-01-26 22:16:07+08:00,CU,Soft Close Hinge Upgrade,Upgrade,1.0,130.97,2025-02-05,2025-02-05
2025-01-27 17:53:46+08:00,SC15,Vegas 90cm 3-Door Shoe Cabinet,Assembly,1.0,,2025-02-05,2025-02-05
2025-01-27 17:53:46+08:00,CU,Soft Close Hinge Upgrade,Upgrade,1.0,179.0,2025-02-05,2025-02-05
2025-01-28 12:09:21+08:00,SC15,Vegas 90cm 3-Door Shoe Cabinet,Assembly,1.0,,2025-01-28,2025-01-28
2025-01-28 12:09:21+08:00,CU,Soft Close Hinge Upgrade,Upgrade,1.0,179.0,2025-01-28,2025-01-28
2025-01-28 18:38:07+08:00,"SC4(X2)/WAL-No legs, but provide legs and screws",Vegas Walnut 60cm Wide 162cm High Shoe Cabinet,Assembly,1.0,174.43,2025-02-05,2025-02-05
2025-01-30 22:41:07+08:00,SC18/OAK,Texas 1.2m Oak Shoe Cabinet,Assembly,1.0,146.9,2025-02-05,2025-02-05
2025-01-30 23:50:29+08:00,SR7/PineWH(Premium),Hamburg 1.6m Pine Oak White Sideboard,Assembly,1.0,320.74,2025-02-05,2025-02-05
2025-01-31 10:27:18+08:00,CTM10914,Custom Furniture,Custom,1.0,659.0,2025-03-25,2025-03-25
2025-01-31 10:27:18+08:00,CU,Soft Close Hinge Upgrade,Upgrade,1.0,,2025-03-25,2025-03-25
2025-01-31 11:04:18+08:00,SC18/WAL,Texas 1.2m Walnut Shoe Cabinet,Assembly,1.0,169.0,2025-02-05,2025-02-05
2025-01-31 11:49:05+08:00,SC18/OAK,Texas 1.2m Oak Shoe Cabinet,Assembly,1.0,,2025-02-05,2025-02-05
2025-01-31 11:49:05+08:00,CU,Soft Close Hinge Upgrade,Upgrade,1.0,199.0,2025-02-05,2025-02-05
2025-01-31 18:18:55+08:00,CTM10918,Custom Furniture,Custom,1.0,880.0,2025-03-21,2025-03-21
2025-01-31 22:54:14+08:00,DC1232/Walnut,Eve 1.2m Walnut Chest Sideboard,Assembly,1.0,287.43,2025-03-04,2025-03-04
2025-02-01 00:17:06+08:00,SS6020/Walnut,Oxford 60cm Walnut Bookcase,Assembly,1.0,261.35,2025-02-25,2025-02-25
2025-02-01 04:45:08+08:00,T80,48mm OPP Tape,Assembly,3.0,6.0,2025-02-06,2025-02-06
2025-02-01 13:01:22+08:00,CU,Soft Close Hinge Upgrade,Upgrade,1.0,244.02,2025-03-25,2025-03-25
2025-02-01 13:01:22+08:00,SC15(X2)/WAL,Vegas Walnut 90cm Wide 162cm High Shoe Cabinet,Assembly,1.0,244.02,2025-03-25,2025-03-25
2025-02-01 13:47:19+08:00,TV1634/MapleWH,Paisley 1.6m Maple Oak White TV Console Cabinet,Assembly,1.0,269.0,2025-02-05,2025-02-05
2025-02-01 13:47:19+08:00,CU,Soft Close Hinge Upgrade,Upgrade,1.0,269.0,2025-02-05,2025-02-05
2025-02-01 14:50:45+08:00,SC5/WAL,Vegas 1.2m Walnut 4-Door Shoe Cabinet,Assembly,1.0,169.0,2025-02-05,2025-02-05
2025-02-01 14:50:45+08:00,CU,Soft Close Hinge Upgrade,Upgrade,1.0,169.0,2025-02-05,2025-02-05
2025-02-01 15:06:05+08:00,SI1685S/Maple,Monaco 1.6m Maple Oak 4-Door Sideboard,Assembly,1.0,313.5,2025-02-25,2025-02-25
2025-02-01 16:57:45+08:00,SC18/WAL,Texas 1.2m Walnut Shoe Cabinet,Assembly,1.0,,2025-02-05,2025-02-05
2025-02-01 16:57:45+08:00,CU,Soft Close Hinge Upgrade,Upgrade,1.0,199.0,2025-02-05,2025-02-05
2025-02-01 17:26:11+08:00,SC5,Vegas 1.2m Oak Shoe Cabinet,Assembly,1.0,169.0,2025-02-05,2025-02-05
2025-02-01 17:54:28+08:00,CU,Soft Close Hinge Upgrade,Upgrade,2.0,664.44,2025-02-28,2025-02-28
2025-02-01 17:54:28+08:00,BS-SI1623M/607-Metal legs,Evie 1.6m Walnut Chest Sideboard,Assembly,1.0,,2025-02-28,2025-02-28
2025-02-01 17:54:28+08:00,SC18/OAK,Texas 1.2m Oak Shoe Cabinet,Assembly,1.0,,2025-02-28,2025-02-28
2025-02-01 20:14:08+08:00,CU,Soft Close Hinge Upgrade,Upgrade,1.0,261.35,2025-02-20,2025-02-20
2025-02-01 20:14:08+08:00,SB1283/Maple,Richmond 1.2m 3-Door Maple Oak Shoe Cabinet,Assembly,1.0,261.35,2025-02-20,2025-02-20
2025-02-02 11:45:12+08:00,WD4021/Oak,Alto 40cm Wardrobe,Assembly,1.0,,2025-03-24,2025-03-24
2025-02-02 11:45:12+08:00,LOCK,Lock Upgrade,Upgrade,2.0,,2025-03-24,2025-03-24
2025-02-02 11:45:12+08:00,CU,Soft Close Hinge Upgrade,Upgrade,1.0,790.0,2025-03-24,2025-03-24
2025-02-02 11:45:12+08:00,CTM10930,Custom Furniture,Custom,1.0,,2025-03-24,2025-03-24
2025-02-02 12:09:50+08:00,BS-TV24/1.6/607,Hamburg 1.6m Walnut TV Console Cabinet,Assembly,1.0,199.0,2025-02-15,2025-02-15
2025-02-02 12:35:08+08:00,SB4311/MapleWH,Eden 40cm Maple Oak White Shoe Cabinet,Assembly,1.0,226.58,2025-02-20,2025-02-20
2025-02-02 12:38:07+08:00,SC4/WAL,Vegas 60cm Walnut 2-Door Shoe Cabinet,Assembly,1.0,104.89,2025-02-05,2025-02-05
2025-02-02 12:38:07+08:00,CU,Soft Close Hinge Upgrade,Upgrade,1.0,104.89,2025-02-05,2025-02-05
2025-02-02 13:06:07+08:00,SB1283/MapleWH,Richmond 1.2m 3-Door Maple Oak White Shoe Cabinet,Assembly,1.0,261.35,2025-02-28,2025-02-28
2025-02-02 13:39:08+08:00,DR50,Stretch Film Dispenser Ring Holder,Assembly,2.0,4.42,2025-02-05,2025-02-05
2025-02-02 15:43:58+08:00,BS-SR4/Walnut,Munich 1.2m Walnut Highboard Storage Cabinet,Assembly,1.0,399.0,2025-02-05,2025-02-05
2025-02-02 16:59:49+08:00,WD4021/WH-Silver handle,Alto 40cm Wardrobe,Assembly,1.0,,2025-03-27,2025-03-27
2025-02-02 16:59:49+08:00,CU (WARDROBE),Soft Close Hinge Upgrade,Upgrade,1.0,1484.26,2025-03-27,2025-03-27
2025-02-02 16:59:49+08:00,SI1593/Walnut,Manhattan Flat Top 1.6m Walnut Sideboard,Assembly,1.0,,2025-03-27,2025-03-27
2025-02-02 16:59:49+08:00,TV24/1.8/Walnut,Hamburg 1.8m Walnut TV Console Cabinet,Assembly,1.0,,2025-03-27,2025-03-27
2025-02-02 16:59:49+08:00,"WD8003/WH-Add locks to 2 drawers, Silver handle, 25x100cm mirror",Vela 80cm Wardrobe,Assembly,1.0,,2025-03-27,2025-03-27
2025-02-02 16:59:49+08:00,,Add lock,Assembly,1.0,,2025-03-27,2025-03-27
2025-02-02 16:59:49+08:00,,TV color change to Walnut,Assembly,1.0,,2025-03-27,2025-03-27
2025-02-02 16:59:49+08:00,,25x100 Mirror and Default handles but Silver,Assembly,1.0,,2025-03-27,2025-03-27
2025-02-02 18:18:31+08:00,CTM10939,Custom Furniture,Custom,1.0,,2025-03-27,2025-03-27
2025-02-02 18:31:21+08:00,DC8036/MapleWH,Union 80cm Chest of 6 Drawers,Assembly,1.0,399.0,2025-03-04,2025-03-04
2025-02-02 18:37:05+08:00,SC4(X2)/WAL,Vegas Walnut 60cm Wide 162cm High Shoe Cabinet,Assembly,1.0,199.0,2025-03-04,2025-03-04
2025-02-03 12:42:34+08:00,CTM10943,Custom Furniture,Custom,1.0,,2025-03-25,2025-03-25
2025-02-03 12:42:34+08:00,CU,Soft Close Hinge Upgrade,Upgrade,1.0,312.55,2025-03-25,2025-03-25
2025-02-03 18:19:17+08:00,SB1283/Walnut,Richmond 1.2m 3-Door Walnut Shoe Cabinet,Assembly,1.0,,2025-02-20,2025-02-20
2025-02-03 18:19:17+08:00,CU,Soft Close Hinge Upgrade,Upgrade,1.0,322.42,2025-02-20,2025-02-20
2025-02-03 18:37:41+08:00,SC5/WAL,Vegas 1.2m Walnut 4-Door Shoe Cabinet,Assembly,1.0,169.0,2025-02-05,2025-02-05
2025-02-03 19:58:22+08:00,TV24/1.6/Oak,Hamburg 1.6m Natural Oak TV Console Cabinet,Assembly,1.0,,2025-02-05,2025-02-05
2025-02-03 19:58:22+08:00,CU,Soft Close Hinge Upgrade,Upgrade,1.0,229.0,2025-02-05,2025-02-05
2025-02-04 10:50:39+08:00,SC18/WAL,Texas 1.2m Walnut Shoe Cabinet,Assembly,1.0,169.0,2025-02-05,2025-02-05
2025-02-04 11:47:53+08:00,SC18/OAK,Texas 1.2m Oak Shoe Cabinet,Assembly,1.0,868.0,2025-03-25,2025-03-25
2025-02-04 11:47:53+08:00,CTM10948,Custom Furniture,Custom,1.0,,2025-03-25,2025-03-25
2025-02-04 12:40:11+08:00,SI1295O/Maple,Manhattan 1.2m Maple Oak Sideboard,Assembly,1.0,369.0,2025-03-04,2025-03-04
2025-02-04 12:40:11+08:00,CU,Soft Close Hinge Upgrade,Upgrade,1.0,369.0,2025-03-04,2025-03-04
2025-02-05 09:50:09+08:00,CU,Soft Close Hinge Upgrade,Upgrade,1.0,174.43,2025-02-15,2025-02-15
2025-02-05 09:50:09+08:00,SC5/WAL,Vegas 1.2m Walnut 4-Door Shoe Cabinet,Assembly,1.0,,2025-02-15,2025-02-15
2025-02-06 02:56:07+08:00,CU,Soft Close Hinge Upgrade,Upgrade,1.0,148.35,2025-02-15,2025-02-15
2025-02-06 02:56:07+08:00,SC5/WAL,Vegas 1.2m Walnut 4-Door Shoe Cabinet,Assembly,1.0,148.35,2025-02-15,2025-02-15
2025-02-06 23:40:08+08:00,SI1885/Maple,Monaco 1.8m Maple Oak 4-Door Sideboard,Assembly,1.0,374.35,2025-02-20,2025-02-20
2025-02-07 08:08:07+08:00,SB4311/MapleWH,Eden 40cm Maple Oak White Shoe Cabinet,Assembly,1.0,226.58,2025-02-20,2025-02-20
2025-02-07 09:41:07+08:00,DR50,Stretch Film Dispenser Ring Holder,Assembly,2.0,4.42,2025-02-12,2025-02-12
2025-02-08 10:54:29+08:00,CU,Soft Close Hinge Upgrade,Upgrade,1.0,429.0,2025-03-24,2025-03-24
2025-02-08 10:54:29+08:00,CTM10956,Custom Furniture,Assembly,1.0,,2025-03-24,2025-03-24
2025-02-08 10:54:29+08:00,WD8005/Walnut,Sera 80cm Wardrobe,Assembly,1.0,,2025-03-24,2025-03-24
2025-02-08 13:16:14+08:00,SI1885/Oak,Monaco 1.8m Oak 4-Door Sideboard,Assembly,1.0,429.0,2025-03-24,2025-03-24
2025-02-08 14:00:43+08:00,SC15(X2),Vegas Oak 90cm Wide 162cm High Shoe Cabinet,Assembly,1.0,249.0,2025-03-25,2025-03-25
2025-02-08 14:00:43+08:00,CU,Soft Close Hinge Upgrade,Upgrade,1.0,249.0,2025-03-25,2025-03-25
2025-02-08 14:44:25+08:00,CU,Soft Close Hinge Upgrade,Upgrade,3.0,810.46,2025-02-15,2025-02-15
2025-02-08 14:44:25+08:00,SC18/WAL-Black 8cm legs (spray black),Texas 1.2m Walnut Shoe Cabinet,Assembly,2.0,,2025-02-15,2025-02-15
2025-02-08 14:44:25+08:00,SR4/Pine,Munich 1.2m Pine Oak Highboard Storage Cabinet,Assembly,1.0,,2025-02-15,2025-02-15
2025-02-08 15:55:04+08:00,BS-DC1404/MapleWH,Alexis 1.4m Maple Oak White 4x2 Dresser,Assembly,1.0,499.0,2025-02-15,2025-02-15
2025-02-08 16:16:53+08:00,SI1885/Pine-Slant metal leg,Monaco 1.8m Pine 4-Door Sideboard,Assembly,1.0,,2025-03-24,2025-03-24
2025-02-08 16:16:53+08:00,,Slant Metal Legs,Assembly,1.0,479.22,2025-03-24,2025-03-24
2025-02-08 16:16:53+08:00,CU,Soft Close Hinge Upgrade,Upgrade,1.0,,2025-03-24,2025-03-24
2025-02-08 16:16:53+08:00,CU,Soft Close Hinge Upgrade,Upgrade,1.0,479.22,2025-03-24,2025-03-24
2025-02-08 17:14:16+08:00,CH,Handle Upgrade,Upgrade,2.0,244.02,2025-02-15,2025-02-15
2025-02-08 17:14:16+08:00,SB8083/Walnut-KN-D822-BRS2,Richie 80cm Shoe Cabinet,Assembly,1.0,,2025-02-15,2025-02-15
2025-02-08 18:02:56+08:00,SB1283/MapleWH,Richmond 1.2m 3-Door Maple Oak White Shoe Cabinet,Assembly,1.0,,2025-03-04,2025-03-04
2025-02-08 18:02:56+08:00,CU,Soft Close Hinge Upgrade,Upgrade,1.0,322.42,2025-03-04,2025-03-04
2025-02-08 19:05:36+08:00,HotelStudio/King,"10.5"" Plus Pocket Spring with Pillow Top Mattress",King,1.0,,2025-03-19,2025-03-19
2025-02-08 19:05:36+08:00,Zara/King/ME005,ME005 Zara Bed Frame (Straight line design),Assembly,1.0,1070.0,2025-03-19,2025-03-19
2025-02-08 20:21:40+08:00,BS-DC7058/Maple,Pepe 70cm Maple 5-Drawer Chest,Assembly,1.0,351.82,2025-02-18,2025-02-18
2025-02-09 12:14:06+08:00,CU,Soft Close Hinge Upgrade,Upgrade,1.0,287.43,2025-02-20,2025-02-20
2025-02-09 12:14:06+08:00,SR6/PineWH,Hamburg 1.4m Pine Oak White Sideboard,Assembly,1.0,287.43,2025-02-20,2025-02-20
2025-02-09 14:13:33+08:00,Tranquil/Single,"7"" Basic Rebonded Foam Mattress",Single,1.0,146.02,2025-02-20,2025-02-20
2025-02-09 14:20:00+08:00,CU,Soft Close Hinge Upgrade,Upgrade,1.0,195.02,2025-02-15,2025-02-15
2025-02-09 14:20:00+08:00,SC18/WAL,Texas 1.2m Walnut Shoe Cabinet,Assembly,1.0,,2025-02-15,2025-02-15
2025-02-09 15:00:35+08:00,,Legs Upgrade,Upgrade,1.0,,2025-03-24,2025-03-24
2025-02-09 15:00:35+08:00,CU,Soft Close Hinge Upgrade,Upgrade,1.0,351.82,2025-03-24,2025-03-24
2025-02-09 15:00:35+08:00,SB8311/Walnut-Add planks below+Black plastic legs,Brighton 80cm Walnut Cabinet,Custom,1.0,,2025-03-24,2025-03-24
2025-02-09 16:48:08+08:00,BS-DC1232/MapleWH,Eve 1.2m Maple Oak White Chest Sideboard,Assembly,1.0,329.0,2025-03-10,2025-03-10
2025-02-09 17:30:05+08:00,SI1885/Maple,Monaco 1.8m Maple 4-Door Sideboard,Assembly,1.0,429.0,2025-02-25,2025-02-25
2025-02-09 18:43:46+08:00,SB1283/Maple-Black plastic legs,Richmond 1.2m 3-Door Maple Oak Shoe Cabinet,Assembly,1.0,,2025-02-25,2025-02-25
2025-02-09 18:43:46+08:00,,Legs Upgrade,10cm Black PVC,1.0,329.0,2025-02-25,2025-02-25
2025-02-10 11:38:06+08:00,BS-DC7038/WH,Homeline 70cm 1-Door 4-Drawer Chest,White,1.0,235.27,2025-02-18,2025-02-18
2025-02-10 12:54:07+08:00,SI1685S/Maple,Monaco 1.6m Maple 4-Door Sideboard,Assembly,1.0,313.5,2025-03-21,2025-03-21
2025-02-10 12:54:07+08:00,CU,Soft Close Hinge Upgrade,Upgrade,1.0,313.5,2025-03-21,2025-03-21
2025-02-10 17:19:40+08:00,CU,Soft Close Hinge Upgrade,Upgrade,1.0,547.82,2025-03-21,2025-03-21
2025-02-10 17:19:40+08:00,CTM10975 (TV1672/3066-slant metal legs),Custom Furniture,Custom,1.0,,2025-03-21,2025-03-21
2025-02-11 09:53:01+08:00,SB6304/Espresso,Nara 60cm Wide 1.8m Ember Walnut Tall Shoe Cabinet,Assembly,1.0,,2025-03-24,2025-03-24
2025-02-11 09:53:01+08:00,CU,Soft Close Hinge Upgrade,Upgrade,1.0,389.0,2025-03-24,2025-03-24
2025-02-12 11:12:47+08:00,SC5,Vegas 1.2m Oak Shoe Cabinet,Assembly,1.0,169.0,2025-02-15,2025-02-15
2025-02-12 12:25:29+08:00,SC18/WAL,Texas 1.2m Walnut Shoe Cabinet,Assembly,1.0,175.42,2025-02-15,2025-02-15
2025-02-12 12:25:29+08:00,BS-OC039/WAL,Carina 60cm Aged Walnut End Table,Assembly,1.0,175.42,2025-02-15,2025-02-15
2025-02-12 15:52:08+08:00,BS-10097234,Brody Laundry Hamper Basket Rack,Assembly,1.0,261.35,2025-03-21,2025-03-21
2025-02-12 15:52:08+08:00,CU,Soft Close Hinge Upgrade,Upgrade,1.0,261.35,2025-03-21,2025-03-21
2025-02-12 15:52:08+08:00,WD4002/Pine,Kano 40cm Wardrobe,Assembly,1.0,261.35,2025-03-21,2025-03-21
2025-02-12 15:52:08+08:00,Mirror,Mirror,Assembly,1.0,261.35,2025-03-21,2025-03-21
2025-02-12 16:03:06+08:00,CU,Soft Close Hinge Upgrade,Upgrade,1.0,289.0,2025-03-21,2025-03-21
2025-02-12 16:03:06+08:00,WD8003/Pine-Mirror on right door,Vela 80cm Wardrobe,Assembly,1.0,289.0,2025-03-21,2025-03-21
2025-02-13 11:39:39+08:00,SC4/WAL,Vegas 60cm Walnut 2-Door Shoe Cabinet,Assembly,1.0,116.62,2025-02-15,2025-02-15
2025-02-13 14:35:41+08:00,CH,Handle Upgrade,Upgrade,3.0,929.04,2025-03-25,2025-03-25
2025-02-13 14:35:41+08:00,TV1565/PineBK-HDL-D177-128-BL+wire cover CG Y7060 x1,Vita 1.5m Pine TV Console Cabinet,Assembly,1.0,,2025-03-25,2025-03-25
2025-02-13 14:35:41+08:00,CTM10984,Custom Furniture,Custom,1.0,,2025-03-25,2025-03-25
2025-02-13 18:05:03+08:00,10172886,Brighton Shoe Rack,Assembly,1.0,59.0,2025-02-13,2025-02-13
2025-02-14 13:45:59+08:00,CU,Soft Close Hinge Upgrade,Upgrade,1.0,629.0,2025-03-27,2025-03-27
2025-02-14 13:45:59+08:00,CTM10986,Custom Furniture,Custom,1.0,,2025-03-27,2025-03-27
2025-02-14 14:06:56+08:00,SC4/WAL,Vegas 60cm Walnut 2-Door Shoe Cabinet,Assembly,1.0,116.62,2025-02-18,2025-02-18
2025-02-14 14:09:01+08:00,BS-SB1283/MapleWH,Richmond 1.2m 3-Door Maple Oak White Shoe Cabinet,Assembly,1.0,299.0,2025-02-20,2025-02-20
2025-02-14 15:51:04+08:00,CTM10989,Custom Furniture,Custom,1.0,460.0,2025-03-28,2025-03-28
2025-02-15 06:19:07+08:00,SC5/WAL,Vegas 1.2m Walnut 4-Door Shoe Cabinet,Assembly,1.0,148.35,2025-02-25,2025-02-25
2025-02-15 06:19:07+08:00,CU,Soft Close Hinge Upgrade,Upgrade,1.0,148.35,2025-02-25,2025-02-25
2025-02-15 13:29:54+08:00,SC15(X2)/WAL,Vegas Walnut 90cm Wide 162cm High Shoe Cabinet,Assembly,1.0,249.0,2025-03-25,2025-03-25
2025-02-15 13:29:54+08:00,CU,Soft Close Hinge Upgrade,Upgrade,1.0,249.0,2025-03-25,2025-03-25
2025-02-15 14:33:03+08:00,SC5/WAL,Vegas 1.2m Walnut 4-Door Shoe Cabinet,Assembly,1.0,169.0,2025-02-18,2025-02-18
2025-02-15 15:12:14+08:00,SC18(X2)/OAK-Silver legs,Texas Oak 1.2m Wide 162m High Shoe Cabinet,Assembly,1.0,293.02,2025-02-18,2025-02-18
2025-02-15 15:32:58+08:00,CH,Handle Upgrade,Upgrade,5.0,813.0,2025-03-24,2025-03-24
2025-02-15 15:32:58+08:00,CTM10994 (DC7058/Pine)-HDL-C816-128-BL,Custom Furniture,Custom,1.0,,2025-03-24,2025-03-24
2025-02-15 15:32:58+08:00,SR4/Pine,Munich 1.2m Pine Highboard Storage Cabinet,Assembly,1.0,,2025-02-20,2025-02-20
2025-02-15 15:32:58+08:00,CU,Soft Close Hinge Upgrade,Upgrade,1.0,,2025-02-20,2025-02-20
2025-02-15 16:01:23+08:00,TV25/Walnut,Hamburg 1.8m Walnut TV Console Cabinet,Assembly,1.0,299.0,2025-03-21,2025-03-21
2025-02-15 17:00:25+08:00,T9021/Maple-add legs stoppers at the bottom,Theta 90cm Oak Hutch Study Table,Assembly,1.0,429.0,2025-02-18,2025-02-18
2025-02-15 19:55:06+08:00,SI1685S/Pine-Add cable holes,Monaco 1.6m Pine 4-Door Sideboard,Assembly,1.0,313.5,2025-02-25,2025-02-25
2025-02-15 20:11:32+08:00,SR4/Pine-soft close,Munich 1.2m Pine Highboard Storage Cabinet,Assembly,1.0,,2025-02-18,2025-02-18
2025-02-15 20:11:32+08:00,SC18/OAK-no soft close,Texas 1.2m Oak Shoe Cabinet,Assembly,1.0,,2025-02-18,2025-02-18
2025-02-15 20:11:32+08:00,CU,Soft Close Hinge Upgrade,Upgrade,1.0,583.0,2025-02-18,2025-02-18
2025-02-15 23:17:07+08:00,DR50,Stretch Film Dispenser Ring Holder,Assembly,4.0,4.95,2025-02-20,2025-02-20
2025-02-16 11:48:47+08:00,CU,Soft Close Hinge Upgrade,Upgrade,1.0,149.0,2025-03-27,2025-03-27
2025-02-16 11:48:47+08:00,SC15/WAL-BLACK LEGS,Vegas 90cm Walnut Shoe Cabinet,Assembly,1.0,149.0,2025-03-27,2025-03-27
2025-02-16 12:32:43+08:00,CU,Soft Close Hinge Upgrade,Upgrade,1.0,,2025-02-18,2025-02-18
2025-02-16 12:32:43+08:00,SC5,Vegas 1.2m Oak Shoe Cabinet,Assembly,1.0,195.02,2025-02-18,2025-02-18
2025-02-16 13:59:43+08:00,CU,Soft Close Hinge Upgrade,Upgrade,1.0,,2025-03-24,2025-03-24
2025-02-16 13:59:43+08:00,TV1634/MapleWH,Paisley 1.6m Maple White TV Console Cabinet,Assembly,1.0,299.0,2025-03-24,2025-03-24
2025-02-16 14:10:49+08:00,SR4/Walnut,Munich 1.2m Walnut Highboard Storage Cabinet,Assembly,1.0,,2025-02-20,2025-02-20
2025-02-16 14:10:49+08:00,CU,Soft Close Hinge Upgrade,Upgrade,1.0,420.42,2025-02-20,2025-02-20
2025-02-16 15:23:26+08:00,CTM11005 (DC1408/Rustic White),Custom Furniture,Custom,1.0,518.42,2025-03-28,2025-03-28
2025-02-16 15:39:58+08:00,BS-SB8083/Walnut,Richie 80cm Shoe Cabinet,Assembly,1.0,229.0,2025-02-20,2025-02-20
2025-02-16 16:21:06+08:00,CTM11007A,Custom Furniture,Custom,1.0,579.0,2025-03-28,2025-03-28
2025-02-16 16:21:06+08:00,CTM11007B,Custom Furniture,Custom,1.0,579.0,2025-03-28,2025-03-28
2025-02-16 16:21:06+08:00,DC1232/Walnut,Eve 1.2m Sideboard,Custom,1.0,579.0,2025-02-28,2025-02-28
2025-02-16 16:56:27+08:00,DC8036/RusticWH,Union 80cm Chest of 6 Drawers,Assembly,1.0,391.02,2025-02-25,2025-02-25
2025-02-16 17:20:34+08:00,1049 Drawers Bed/Queen/omi01,Queen 4 Drawers (Open to the side)- 1049 Headboard - omi01 Boucle Fabric,Assembly,1.0,,2025-03-19,2025-03-19
2025-02-16 17:20:34+08:00,1045 Storage Bed/Single/omi05,Single - 1045 Winged Headboard - omi05 Boucle Fabric - Hydraulic Storage,Assembly,1.0,,2025-03-19,2025-03-19
2025-02-16 17:20:34+08:00,1045 Storage Bed/Single/omi02,Single - 1045 Winged Headboard - omi02 Boucle Fabric - Hydraulic Storage,Assembly,1.0,2178.0,2025-03-19,2025-03-19
2025-02-16 18:54:32+08:00,BS-Essential2/Single,"11"" Essential 2 Plush Top Miracoil Mattress","Essential 2 11"" / Single",1.0,329.0,2025-02-20,2025-02-20
2025-02-16 20:13:06+08:00,CTM11011,Custom Furniture,Custom,1.0,,2025-03-28,2025-03-28
2025-02-16 20:13:06+08:00,CU,Soft Close Hinge Upgrade,Upgrade,2.0,,2025-03-28,2025-03-28
2025-02-16 20:13:06+08:00,,Soft Closing Slider Upgrade,Sliders / Soft Close,1.0,861.42,2025-03-28,2025-03-28
2025-02-16 20:28:02+08:00,CTM11012,Custom Furniture,Custom,1.0,699.0,2025-03-28,2025-03-28
2025-02-17 08:55:07+08:00,DR50,Stretch Film Dispenser Ring Holder,Assembly,4.0,4.95,2025-02-20,2025-02-20
2025-02-17 14:04:25+08:00,CU,Soft Close Hinge Upgrade,Upgrade,2.0,,2025-03-27,2025-03-27
2025-02-17 14:04:25+08:00,SC4(X2)-10cm black legs,Vegas Oak 60cm Wide 162cm High Shoe Cabinet,Assembly,1.0,,2025-03-27,2025-03-27
2025-02-17 14:04:25+08:00,SC5-10cm black legs,Vegas 1.2m Oak Shoe Cabinet,Assembly,1.0,,2025-03-27,2025-03-27
2025-02-17 14:04:25+08:00,,Change legs,Assembly,1.0,380.24,2025-03-27,2025-03-27
2025-02-17 20:29:15+08:00,TV1671/Walnut,Linwood Walnut 1.6m TV Console Cabinet,Assembly,1.0,,2025-03-21,2025-03-21
2025-02-17 20:29:15+08:00,Miranda/Single/PL009,Straight line design headboard - PL009 Wood,PL009 Wood,1.0,,2025-03-21,2025-03-21
2025-02-17 20:29:15+08:00,,Mirror,Assembly,1.0,992.0,2025-03-21,2025-03-21
2025-02-17 20:29:15+08:00,WD8003/Walnut-Mirror,Vela 80cm Wardrobe,Assembly,1.0,,2025-03-21,2025-03-21
2025-02-18 13:08:05+08:00,SR7/Walnut(Premium),Hamburg 1.6m Walnut Sideboard,Assembly,1.0,320.74,2025-02-25,2025-02-25
2025-02-18 14:20:06+08:00,SB4311/MapleWH,Eden 40cm Maple White Shoe Cabinet,Assembly,1.0,226.58,2025-02-25,2025-02-25
2025-02-18 19:08:33+08:00,SC5/WAL-Add lock,Vegas 1.2m Walnut 4-Door Shoe Cabinet,Assembly,1.0,,2025-03-28,2025-03-28
2025-02-18 19:08:33+08:00,CU,Soft Close Hinge Upgrade,Upgrade,2.0,,2025-03-28,2025-03-28
2025-02-18 19:08:33+08:00,,Lock,Assembly,1.0,360.64,2025-03-28,2025-03-28
2025-02-18 19:08:33+08:00,SC15/WAL-Add lock,Vegas 90cm Walnut Shoe Cabinet,Assembly,1.0,,2025-03-28,2025-03-28
2025-02-19 17:09:52+08:00,SC15(X2),Vegas Oak 90cm Wide 162cm High Shoe Cabinet,Assembly,1.0,249.0,2025-03-25,2025-03-25
2025-02-19 17:09:52+08:00,CU,Soft Close Hinge Upgrade,Upgrade,1.0,249.0,2025-03-25,2025-03-25
2025-02-20 20:51:07+08:00,SC18/WAL,Texas 1.2m Walnut Shoe Cabinet,Assembly,1.0,169.0,2025-02-25,2025-02-25
2025-02-20 21:23:45+08:00,BS-TV1853/OK,Preston 1.8m TV Console Cabinet,Assembly,1.0,299.0,2025-02-28,2025-02-28
2025-02-21 08:29:07+08:00,SC5-Add 2 locks,Vegas 1.2m Oak Shoe Cabinet,Assembly,1.0,148.35,2025-02-25,2025-02-25
2025-02-21 08:29:07+08:00,CU,Soft Close Hinge Upgrade,Upgrade,1.0,148.35,2025-02-25,2025-02-25
2025-02-21 08:29:07+08:00,,2 locks,Assembly,1.0,148.35,2025-02-25,2025-02-25
2025-02-21 13:33:17+08:00,DC8064/MapleWH,Nora 80cm Maple White 4-Drawer Chest with Lock,Assembly,1.0,263.62,2025-03-27,2025-03-27
2025-02-21 20:10:54+08:00,SI1685/Walnut-Add wheels,Monaco 1.6m Walnut 4-Door Sideboard,Assembly,1.0,,2025-02-25,2025-02-25
2025-02-21 20:10:54+08:00,,Wheels,Assembly,1.0,400.82,2025-02-25,2025-02-25
2025-02-22 14:59:07+08:00,SC4(X2)/WAL,Vegas Walnut 60cm Wide 162cm High Shoe Cabinet,Assembly,1.0,199.0,2025-02-28,2025-02-28
2025-02-22 17:18:27+08:00,CTM11029,Custom Furniture,Custom,1.0,,2025-03-28,2025-03-28
2025-02-22 17:18:27+08:00,,3066 Color,Assembly,1.0,,2025-03-28,2025-03-28
2025-02-22 17:18:27+08:00,CU,Soft Close Hinge Upgrade,Upgrade,1.0,833.0,2025-03-28,2025-03-28
2025-02-22 20:05:09+08:00,BS-SR2/OakWH,Bremen 80cm Oak White Storage Cabinet,Assembly,1.0,283.22,2025-02-25,2025-02-25
2025-02-22 20:51:23+08:00,CU,Soft Close Hinge Upgrade,Upgrade,1.0,,2025-02-25,2025-02-25
2025-02-22 20:51:23+08:00,SC18/OAK,Texas 1.2m Oak Shoe Cabinet,Assembly,1.0,195.02,2025-02-25,2025-02-25
2025-02-23 00:10:07+08:00,CU,Soft Close Hinge Upgrade,Upgrade,1.0,217.89,2025-03-28,2025-03-28
2025-02-23 00:10:07+08:00,Lock,Lock,Upgrade,1.0,217.89,2025-03-28,2025-03-28
2025-02-23 00:10:07+08:00,SC15(X2)/WAL-Add 4 Lock,Vegas Walnut 90cm Wide 162cm High Shoe Cabinet,Assembly,1.0,217.89,2025-03-28,2025-03-28
2025-02-23 12:09:16+08:00,SC18/WAL,Texas 1.2m Walnut Shoe Cabinet,Assembly,1.0,169.0,2025-02-28,2025-02-28
2025-02-23 13:34:34+08:00,SI1885/Walnut,Monaco 1.8m Walnut 4-Door Sideboard,Assembly,1.0,,2025-02-28,2025-02-28
2025-02-23 13:34:34+08:00,CU,Soft Close Hinge Upgrade,Upgrade,1.0,430.0,2025-02-28,2025-02-28
2025-02-23 14:14:06+08:00,SC4/WAL,Vegas 60cm Walnut 2-Door Shoe Cabinet,Assembly,1.0,119.0,2025-02-28,2025-02-28
2025-02-23 15:09:30+08:00,SC5/WAL,Vegas 1.2m Walnut 4-Door Shoe Cabinet,Assembly,1.0,149.0,2025-02-28,2025-02-28
2025-02-23 16:27:02+08:00,CTM11038,Custom Furniture,Custom,1.0,587.02,2025-03-28,2025-03-28
2025-02-24 11:03:59+08:00,BS-SB6001/Ash White,Richie 60cm Ash White Shoe Cabinet,Assembly,1.0,199.0,2025-03-04,2025-03-04
2025-02-24 13:45:18+08:00,BS-SB6001/MapleWH,Richie 60cm Maple White Shoe Cabinet,Assembly,1.0,,2025-03-10,2025-03-10
2025-02-24 13:45:18+08:00,SC4/WAL,Vegas 60cm Walnut 2-Door Shoe Cabinet,Assembly,1.0,311.64,2025-03-10,2025-03-10
2025-02-24 17:01:52+08:00,SB6304/Espresso,Nara 60cm Wide 1.8m Mahogany Tall Shoe Cabinet,Assembly,1.0,359.0,2025-03-04,2025-03-04
2025-02-24 17:01:52+08:00,CU,Soft Close Hinge Upgrade,Upgrade,1.0,359.0,2025-03-04,2025-03-04
2025-02-24 17:09:43+08:00,SC18/WAL,Texas 1.2m Walnut Shoe Cabinet,Assembly,2.0,,2025-02-28,2025-02-28
2025-02-24 17:09:43+08:00,CU,Soft Close Hinge Upgrade,Upgrade,2.0,,2025-02-28,2025-02-28
2025-02-24 18:09:50+08:00,SC4(X2)/WAL,Vegas Walnut 60cm Wide 162cm High Shoe Cabinet,Assembly,1.0,,2025-03-04,2025-03-04
2025-02-24 18:09:50+08:00,CU,Soft Close Hinge Upgrade,Upgrade,1.0,224.42,2025-03-04,2025-03-04
2025-02-24 19:35:24+08:00,CTM11047 (TV1865/Espresso),Custom Furniture,Custom,1.0,449.82,2025-03-28,2025-03-28
2025-02-24 22:08:07+08:00,SC15/WAL,Vegas 90cm Walnut Shoe Cabinet,Assembly,1.0,130.97,2025-03-27,2025-03-27
2025-02-24 22:08:07+08:00,CU,Soft Close Hinge Upgrade,Upgrade,1.0,130.97,2025-03-27,2025-03-27
2025-02-25 15:59:06+08:00,SC5/OAK,Vegas 1.2m Oak 4-Door Shoe Cabinet,Assembly,1.0,148.35,2025-03-04,2025-03-04
2025-02-25 15:59:06+08:00,CU,Soft Close Hinge Upgrade,Upgrade,1.0,148.35,2025-03-04,2025-03-04
2025-02-26 18:06:33+08:00,SC15(X2)/WAL-Add Lock,Vegas Walnut 90cm Wide 162cm High Shoe Cabinet,Assembly,1.0,,2025-03-27,2025-03-27
2025-02-26 18:06:33+08:00,CU,Soft Close Hinge Upgrade,Upgrade,1.0,,2025-03-27,2025-03-27
2025-02-26 18:06:33+08:00,LOCK,Lock Upgrade,Upgrade,2.0,332.22,2025-03-27,2025-03-27
2025-02-26 19:41:17+08:00,SB8083/Maple,Richie 80cm Shoe Cabinet,Assembly,1.0,224.42,2025-03-10,2025-03-10
2025-02-26 20:08:03+08:00,Miranda/SuperSingle/Giorletti 01,Miranda - boucle fabric - Super single divan,Assembly,1.0,,2025-03-19,2025-03-19
2025-02-26 20:08:03+08:00,Miranda/Queen/Giorletti 01,Miranda - boucle fabric - queen divan,Assembly,1.0,,2025-03-19,2025-03-19
2025-02-26 20:08:03+08:00,Miranda/King/Giorletti 01,Miranda - boucle fabric - king divan,Assembly,1.0,982.0,2025-03-19,2025-03-19
2025-02-27 13:14:30+08:00,SC5,Vegas 1.2m Oak Shoe Cabinet,Assembly,1.0,169.0,2025-03-10,2025-03-10
2025-02-27 15:05:03+08:00,CU,Soft Close Hinge Upgrade,Upgrade,1.0,293.02,2025-03-28,2025-03-28
2025-02-27 15:05:03+08:00,TV24/1.6/Walnut-No handles,Hamburg 1.6m Walnut TV Console Cabinet,Assembly,1.0,,2025-03-28,2025-03-28
2025-02-28 09:32:05+08:00,SC5,Vegas 1.2m Oak Shoe Cabinet,Assembly,1.0,148.35,2025-03-04,2025-03-04
2025-02-28 09:32:05+08:00,CU,Soft Close Hinge Upgrade,Upgrade,1.0,148.35,2025-03-04,2025-03-04
2025-02-28 16:52:42+08:00,SB1283/Walnut,Richmond 1.2m 3-Door Walnut Shoe Cabinet,Assembly,1.0,299.0,2025-03-04,2025-03-04
2025-02-28 16:52:46+08:00,SB4301/Walnut,Eden 40cm Walnut Shoe Cabinet,Assembly,1.0,259.0,2025-03-04,2025-03-04
2025-02-28 20:03:41+08:00,SC5(X2),Vegas Oak 1.2m Wide 162m High Shoe Cabinet,Assembly,1.0,293.02,2025-03-04,2025-03-04
2025-03-01 14:14:19+08:00,SI1685S/Espresso-no legs,Monaco 1.6m Mahogany 4-Door Sideboard,Assembly,1.0,,2025-03-04,2025-03-04
2025-03-01 14:14:19+08:00,CU,Soft Close Hinge Upgrade,Upgrade,1.0,743.0,2025-03-04,2025-03-04
2025-03-02 13:08:47+08:00,SB6304/Maple,Nara 60cm Wide 1.8m Maple Tall Shoe Cabinet,Assembly,1.0,359.0,2025-03-10,2025-03-10
2025-03-02 13:33:40+08:00,SC18/WAL,Texas 1.2m Walnut Shoe Cabinet,Assembly,1.0,165.62,2025-03-25,2025-03-25
2025-03-02 14:48:57+08:00,Vigor/Single,"Luxe 13"" Ice Cool Latex Pocket Spring Mattress",Single,1.0,,2025-03-24,2025-03-24
2025-03-02 14:48:57+08:00,BS-Levi Sideboard,Levi Chest of Drawer,Assembly,1.0,,2025-03-04,2025-03-04
2025-03-02 15:23:08+08:00,TV1671/Maple-Add cable caps,Linwood 1.6m Maple TV Console Cabinet,Assembly,1.0,,2025-03-04,2025-03-04
2025-03-02 15:23:08+08:00,DC1232/Maple-Metal Legs,Eve 1.2m Maple Chest Sideboard,Assembly,1.0,,2025-03-04,2025-03-04
2025-03-02 15:23:08+08:00,,Legs Upgrade,15cm Metal,1.0,673.0,2025-03-04,2025-03-04
2025-03-02 16:52:50+08:00,TV1671/Pine,Linwood 1.6m Pine TV Console Cabinet,Assembly,1.0,,2025-03-18,2025-03-18
2025-03-02 16:52:50+08:00,CU,Soft Close Hinge Upgrade,Upgrade,1.0,351.82,2025-03-18,2025-03-18
2025-03-02 17:37:12+08:00,SB1283/Walnut-metal legs,Richmond 1.2m 3-Door Walnut Shoe Cabinet,Assembly,1.0,,2025-03-04,2025-03-04
2025-03-02 20:06:37+08:00,Sensation/Single,"Classic 10"" Duralastic Spring Mattress",Single,2.0,1202.0,2025-03-28,2025-03-28
2025-03-02 20:51:28+08:00,,"Miranda Storage, Super Single, Faux Leather ML-13 Tawny",Assembly,1.0,634.0,2025-03-24,2025-03-24
2025-03-03 14:23:39+08:00,BS-SC5/WAL,Vegas 1.2m Walnut 4-Door Shoe Cabinet,Assembly,1.0,169.0,2025-03-04,2025-03-04
2025-03-03 15:44:01+08:00,SS6020/MapleWH,Oxford 60cm Maple White Bookcase,Assembly,1.0,,2025-03-21,2025-03-21
2025-03-03 15:44:01+08:00,DC1232/MapleWH,Eve 1.2m Maple White Chest Sideboard,Assembly,1.0,,2025-03-21,2025-03-21
2025-03-03 15:44:01+08:00,CU,Soft Close Hinge Upgrade,Upgrade,2.0,688.0,2025-03-21,2025-03-21
2025-03-03 16:53:07+08:00,SC5/WAL,Vegas 1.2m Walnut 4-Door Shoe Cabinet,Assembly,1.0,169.0,2025-03-10,2025-03-10
2025-03-03 16:54:07+08:00,BS-SB9065/Oak,Harper 90cm Natural Oak Shoe Cabinet,Assembly,1.0,299.0,2025-03-10,2025-03-10
2025-03-03 22:04:49+08:00,Boss Office Chair,Boss Executive High Back Office Chair,Fixed / BK0257,1.0,779.0,2025-03-18,2025-03-18
2025-03-04 12:04:54+08:00,DC1254/PineWH,Cubic 1.2m Pine White Chest Sideboard,Assembly,1.0,329.0,2025-03-10,2025-03-10
2025-03-05 12:10:36+08:00,"SC5(X2)-White legs, but pass the original legs to customer",Vegas Oak 1.2m Wide 162m High Shoe Cabinet,Assembly,1.0,,2025-03-25,2025-03-25
2025-03-05 12:10:36+08:00,CU,Soft Close Hinge Upgrade,Upgrade,1.0,329.0,2025-03-25,2025-03-25
2025-03-05 17:26:05+08:00,DC1232/Walnut,Eve 1.2m Walnut Chest Sideboard,Assembly,1.0,287.43,2025-03-10,2025-03-10
2025-03-07 14:28:30+08:00,SI1295/Walnut,Manhattan Flat Top 1.2m Walnut Sideboard,Assembly,1.0,,2025-03-10,2025-03-10
2025-03-07 14:28:30+08:00,CU,Soft Close Hinge Upgrade,Upgrade,1.0,400.0,2025-03-10,2025-03-10
2025-03-07 22:55:08+08:00,BS-SR2/MapleWH,Bremen 80cm Maple White Storage Cabinet,Assembly,1.0,289.0,2025-03-10,2025-03-10
2025-03-08 12:59:54+08:00,SC15-no soft close,Vegas 90cm 3-Door Shoe Cabinet,Assembly,1.0,,2025-03-25,2025-03-25
2025-03-08 12:59:54+08:00,SR6/Walnut-HDL-D200+Soft close door,Hamburg 1.4m Walnut Sideboard,Assembly,1.0,,2025-03-25,2025-03-25
2025-03-08 12:59:54+08:00,CH,Handle Upgrade,Upgrade,5.0,,2025-03-25,2025-03-25
2025-03-08 12:59:54+08:00,CU FOR SR6,Soft Close Hinge Upgrade,Upgrade,1.0,543.0,2025-03-25,2025-03-25
2025-03-08 14:31:14+08:00,CU,Soft Close Hinge Upgrade,Upgrade,1.0,273.42,2025-03-19,2025-03-19
2025-03-08 14:31:14+08:00,SC5/WAL-Wood legs,Vegas Walnut 120cm Shoe Cabinet,Assembly,1.0,,2025-03-19,2025-03-19
2025-03-08 14:40:15+08:00,SC4/WAL,Vegas 60cm Walnut 2-Door Shoe Cabinet,Assembly,1.0,119.0,2025-03-10,2025-03-10
2025-03-08 17:49:03+08:00,SC18/OAK,Texas 1.2m Oak Shoe Cabinet,Assembly,1.0,169.0,2025-03-24,2025-03-24
2025-03-08 18:17:02+08:00,TV1671/Maple,Linwood 1.6m Maple TV Console Cabinet,Assembly,1.0,322.42,2025-03-25,2025-03-25
2025-03-08 18:17:02+08:00,CU,Soft Close Hinge Upgrade,Upgrade,1.0,322.42,2025-03-25,2025-03-25
2025-03-08 22:11:07+08:00,SC4/WAL,Vegas 60cm Walnut Shoe Cabinet,Assembly,1.0,96.2,2025-03-10,2025-03-10
2025-03-09 12:47:08+08:00,SC18/WAL,Texas 1.2m Walnut Shoe Cabinet,Assembly,1.0,169.0,2025-03-25,2025-03-25
2025-03-09 14:05:30+08:00,"SR2/Walnut - Add ventilation holes on every tier, black handle",Bremen 80cm Walnut Storage Cabinet,Assembly,1.0,,2025-03-10,2025-03-10
2025-03-09 14:05:30+08:00,SC4/WAL,Vegas 60cm Walnut 2-Door Shoe Cabinet,Assembly,1.0,,2025-03-10,2025-03-10
2025-03-09 14:05:30+08:00,,Ventilation holes,Assembly,1.0,438.0,2025-03-10,2025-03-10
2025-03-09 14:34:11+08:00,BS-SR6/PineWH,Hamburg 1.4m Pine Oak White Sideboard,Assembly,1.0,,2025-03-10,2025-03-10
2025-03-09 14:34:11+08:00,CU,Soft Close Hinge Upgrade,Upgrade,1.0,342.02,2025-03-10,2025-03-10
2025-03-09 15:23:23+08:00,BS-10424340,Noun 1.2m Hutch Study Table - Showroom Piece,White/Oak,1.0,195.02,2025-03-10,2025-03-10
2025-03-09 15:25:31+08:00,HotelStudio/SuperSingle,"Plus 10.5"" Pocket Spring with Euro-Top Mattress",Super Single,1.0,567.42,2025-03-25,2025-03-25
2025-03-09 17:36:29+08:00,SC4/WAL,Vegas 60cm Walnut 2-Door Shoe Cabinet,Assembly,1.0,116.62,2025-03-18,2025-03-18
2025-03-09 17:56:47+08:00,TV24/1.6/PineWH,Hamburg 1.6m Pine White TV Console Cabinet,Assembly,1.0,269.0,2025-03-18,2025-03-18
2025-03-09 18:43:46+08:00,SC5,Vegas 1.2m Oak Shoe Cabinet,Assembly,1.0,,2025-03-25,2025-03-25
2025-03-09 18:43:46+08:00,CU,Soft Close Hinge Upgrade,Upgrade,1.0,185.22,2025-03-25,2025-03-25
2025-03-09 19:07:48+08:00,CU,Soft Close Hinge Upgrade,Upgrade,1.0,,2025-03-18,2025-03-18
2025-03-09 19:07:48+08:00,SC5(X2)/WAL,Vegas Walnut 120cm Wide 162cm High Shoe Cabinet,Assembly,1.0,322.42,2025-03-18,2025-03-18
2025-03-10 13:29:06+08:00,SB1283/MapleWH,Richmond 1.2m Maple White Shoe Cabinet,Assembly,1.0,270.04,2025-03-18,2025-03-18
2025-03-10 13:29:06+08:00,CU,Soft Close Hinge Upgrade,Upgrade,1.0,270.04,2025-03-18,2025-03-18
2025-03-10 18:51:27+08:00,SC4(X2)/WAL,Vegas Walnut 60cm Wide 162cm High Shoe Cabinet,Assembly,1.0,195.02,2025-03-18,2025-03-18
2025-03-10 20:11:07+08:00,SC15,Vegas 90cm 3-Door Shoe Cabinet,Assembly,1.0,130.97,2025-03-24,2025-03-24
2025-03-10 20:11:07+08:00,CU,Soft Close Hinge Upgrade,Upgrade,1.0,130.97,2025-03-24,2025-03-24
2025-03-10 23:30:07+08:00,SI1885/Maple,Monaco 1.8m Maple 4-Door Sideboard,Assembly,1.0,374.35,2025-03-21,2025-03-21
2025-03-11 12:26:07+08:00,SC5/WAL,Vegas 1.2m Walnut 4-Door Shoe Cabinet,Assembly,1.0,148.35,2025-03-18,2025-03-18
2025-03-11 12:26:07+08:00,CU,Soft Close Hinge Upgrade,Upgrade,1.0,148.35,2025-03-18,2025-03-18
2025-03-11 22:10:07+08:00,SI1685/Maple,Monaco 1.6m Maple 4-Door Sideboard,Assembly,1.0,322.19,2025-03-18,2025-03-18
2025-03-12 10:16:30+08:00,SI1623M/Walnut,Evie 1.6m Walnut Chest Sideboard,Assembly,1.0,479.0,2025-03-18,2025-03-18
2025-03-12 11:06:06+08:00,SS6020/Walnut,Oxford 60cm Walnut Bookcase,Assembly,1.0,261.35,2025-03-21,2025-03-21
2025-03-12 14:33:27+08:00,SC15/WAL,Vegas 90cm Walnut Shoe Cabinet,Assembly,1.0,149.0,2025-03-25,2025-03-25
2025-03-12 16:44:07+08:00,DC1232/Walnut,Eve 1.2m Walnut Chest Sideboard,Assembly,1.0,287.43,2025-03-21,2025-03-21
2025-03-12 23:11:09+08:00,SC15/WAL,Vegas 90cm Walnut Shoe Cabinet,Assembly,1.0,130.97,2025-03-27,2025-03-27
2025-03-13 10:39:43+08:00,SF50,Industrial Grade Stretch Film Shrink Wrap,Clear,1.0,10.0,2025-03-13,2025-03-13
2025-03-14 10:55:06+08:00,CU,Soft Close Hinge Upgrade,Upgrade,1.0,320.74,2025-03-19,2025-03-19
2025-03-14 13:23:24+08:00,SI1885/Walnut,Monaco 1.8m Walnut 4-Door Sideboard,Assembly,1.0,,2025-03-18,2025-03-18
2025-03-14 13:23:24+08:00,CU,Soft Close Hinge Upgrade,Upgrade,2.0,,2025-03-18,2025-03-18
2025-03-14 13:23:24+08:00,DC8022/MapleWH,Isla 80cm Dresser Drawer Cabinet,Assembly,1.0,763.0,2025-03-18,2025-03-18
2025-03-14 17:56:29+08:00,SS6020/Maple,Oxford 60cm 2 Doors Maple Bookcase,Assembly,1.0,,2025-03-21,2025-03-21
2025-03-14 17:56:29+08:00,SS6020C/Espresso,Oxford 60cm 4 Doors Bookcase,Assembly,1.0,,2025-03-21,2025-03-21
2025-03-14 17:56:29+08:00,CU,Soft Close Hinge Upgrade,Upgrade,2.0,663.0,2025-03-21,2025-03-21
2025-03-15 15:22:16+08:00,SR7/PineWH(Premium),Hamburg 1.6m Pine/White Sideboard,Assembly,1.0,320.74,2025-03-21,2025-03-21
2025-03-15 15:22:16+08:00,CU,Soft Close Hinge Upgrade,Upgrade,1.0,320.74,2025-03-21,2025-03-21
2025-03-15 23:28:16+08:00,SI1685/Walnut,Monaco 1.6m Walnut 4-Door Sideboard,Assembly,1.0,322.19,2025-03-24,2025-03-24
2025-03-16 13:01:00+08:00,SI1685S/Walnut,Monaco 1.6m Walnut 4-Door Sideboard,Assembly,1.0,351.82,2025-03-24,2025-03-24
2025-03-16 17:43:41+08:00,SB1283/Walnut,Richmond 1.2m 3-Door Walnut Shoe Cabinet,Assembly,1.0,1341.0,2025-03-18,2025-03-18
2025-03-16 21:02:25+08:00,BS-SI1685/Walnut,Monaco 1.6m Walnut 4-Door Sideboard,Assembly,1.0,,2025-03-18,2025-03-18
2025-03-16 21:02:25+08:00,CU,Soft Close Hinge Upgrade,Upgrade,1.0,389.0,2025-03-18,2025-03-18
2025-03-17 13:08:07+08:00,SC5,Vegas 1.2m Oak Shoe Cabinet,Assembly,1.0,148.35,2025-03-27,2025-03-27
2025-03-18 09:16:07+08:00,SC4/WAL,Vegas 60cm Walnut 2-Door Shoe Cabinet,Assembly,1.0,119.0,2025-03-21,2025-03-21
2025-03-18 11:43:12+08:00,SC18/OAK-Wheels,Texas 1.2m Oak Shoe Cabinet,Assembly,1.0,,2025-03-28,2025-03-28
2025-03-18 11:43:12+08:00,,Legs Upgrade,Wheels,1.0,219.0,2025-03-28,2025-03-28
2025-03-18 13:48:06+08:00,SI1685/Pine,Monaco 1.6m Pine 4-Door Sideboard,Assembly,1.0,318.15,2025-03-24,2025-03-24
2025-03-18 13:48:06+08:00,CU,Soft Close Hinge Upgrade,Upgrade,1.0,318.15,2025-03-24,2025-03-24
2025-03-19 12:00:14+08:00,SC4/WAL,Vegas 60cm Walnut 2-Door Shoe Cabinet,Assembly,1.0,119.0,2025-03-21,2025-03-21
2025-03-19 15:49:07+08:00, SI1623T/MapleWH,Evie 1.6m Maple Chest Sideboard,Assembly,1.0,369.65,2025-03-21,2025-03-21
2025-03-19 15:49:07+08:00,CU,Soft Close Hinge Upgrade,Upgrade,1.0,369.65,2025-03-21,2025-03-21
2025-03-19 16:33:17+08:00,BS-SB6304/OakWH,Nara 60cm Wide 1.8m Oak White High Shoe Cabinet,Assembly,1.0,,2025-03-24,2025-03-24
2025-03-19 16:33:17+08:00,CU,Soft Close Hinge Upgrade,Upgrade,1.0,381.22,2025-03-24,2025-03-24
2025-03-20 09:28:07+08:00,SC5,Vegas 1.2m Oak Shoe Cabinet,Assembly,1.0,146.49,2025-03-27,2025-03-27
2025-03-21 18:22:22+08:00,SC15,Vegas 90cm 3-Door Shoe Cabinet,Assembly,1.0,149.0,2025-03-25,2025-03-25
2025-03-22 18:31:07+08:00,SC5/WAL,Vegas 1.2m Walnut 4-Door Shoe Cabinet,Assembly,1.0,146.49,2025-03-27,2025-03-27
2025-03-22 20:46:35+08:00,DC1254/PineWH-Add lock bottom drawer,Cubic 1.2m Pine/White Chest Sideboard,Assembly,1.0,,2025-03-27,2025-03-27
2025-03-22 20:46:35+08:00,,Lock bottom drawer,Assembly,1.0,351.82,2025-03-27,2025-03-27
2025-03-23 15:30:56+08:00,SC15(X2)/WAL,Vegas Walnut 90cm Wide 162cm High Shoe Cabinet,Assembly,1.0,,2025-03-28,2025-03-28
2025-03-23 15:30:56+08:00,CU,Soft Close Hinge Upgrade,Upgrade,1.0,273.42,2025-03-28,2025-03-28
2025-03-23 17:06:27+08:00,SC18/WAL,Texas 1.2m Walnut Shoe Cabinet,Assembly,1.0,,2025-03-28,2025-03-28
2025-03-23 17:06:27+08:00,CU,Soft Close Hinge Upgrade,Upgrade,1.0,199.0,2025-03-28,2025-03-28
2025-03-23 22:41:24+08:00,TV1672/Walnut,Linwood Walnut 1.6m TV Console Cabinet,Assembly,1.0,329.0,2025-03-28,2025-03-28
2025-03-24 19:17:08+08:00,SC18/WAL,Texas 1.2m Walnut Shoe Cabinet,Assembly,1.0,165.62,2025-03-28,2025-03-28
2025-03-25 13:24:45+08:00,SC15(X2),Vegas Oak 90cm Wide 162cm High Shoe Cabinet,Assembly,1.0,249.0,2025-03-27,2025-03-27
2025-03-25 13:28:38+08:00,SC5/WAL,Vegas 1.2m Walnut 4-Door Shoe Cabinet,Assembly,1.0,169.0,2025-03-25,2025-03-25
2025-03-26 13:30:57+08:00,SC15,Vegas 90cm 3-Door Shoe Cabinet,Assembly,1.0,,2025-03-28,2025-03-28
2025-03-26 13:30:57+08:00,CU,Soft Close Hinge Upgrade,Upgrade,1.0,179.0,2025-03-28,2025-03-28
2025-03-27 16:41:40+08:00,SC18/WAL,Texas 1.2m Walnut Shoe Cabinet,Self-Assembly,1.0,129.0,2025-03-27,2025-03-27
2025-03-30 13:01:48+08:00,SC4,Vegas 60cm Oak Shoe Cabinet,Assembly,1.0,734.02,2025-03-30,2025-03-30
2025-03-30 19:30:26+08:00,10057207,Boston 72cm Shoe Rack,Assembly,1.0,59.0,2025-03-30,2025-03-30
2024-10-12 18:35:19+08:00,DC8036/RusticWH-Soft Close,Union 80cm with Soft Closing Sliders,Servicing,1.0,493.05,2025-02-05,2025-02-05
2024-11-09 17:07:51+08:00,CTM10314,Overhang,Servicing,1.0,,2025-01-23,2025-01-23
2024-11-09 20:58:11+08:00,CTM10318,Custom Furniture,Custom,1.0,,2025-01-07,2025-01-07
2024-11-12 15:20:10+08:00,CTM10349,top panel and door,Servicing,1.0,599.0,2025-01-24,2025-01-24
2024-12-01 17:21:03+08:00,CTM10456,Custom Furniture,Custom,2.0,,2025-01-15,2025-01-15
2024-12-07 14:27:46+08:00,CTM10485 (SI1885/3123),Replace all hinges,Servicing,1.0,626.05,2025-02-10,2025-02-10
2024-12-08 17:37:17+08:00,SB8083/Pine,Denver 80cm Pine Oak Shoe Cabinet,Servicing,2.0,,2025-01-17,2025-01-17
2024-12-15 15:41:19+08:00,SR2/Walnut,Bremen 80cm Walnut Storage Cabinet,Servicing,1.0,,2025-01-17,2025-01-17
2024-12-16 14:14:28+08:00,SR2/Walnut-Bottom panel,Bottom panel,Servicing,1.0,226.47,2025-02-25,2025-02-25
2024-12-21 20:57:34+08:00,SI1685/Pine,Monaco 1.6m Pine Oak 4-Door Sideboard,Servicing,1.0,359.0,2025-01-10,2025-01-10
2024-12-22 12:00:02+08:00,WD8006/Oak,Cavo 80cm Wardrobe,Servicing,1.0,,2025-02-20,2025-02-20
2024-12-26 14:31:44+08:00,BS-SB8311/OakWH,Brighton 80cm Natural Oak White Cabinet,Servicing,1.0,299.0,2025-01-07,2025-01-07
2024-12-28 23:32:03+08:00,TV1853/OK,Preston 1.8m TV Console Cabinet,Assembly,1.0,,2025-01-24,2025-01-24
2024-12-29 18:47:50+08:00,SB1283/MapleWH,Soft Close Doors Upgrade,Upgrade,1.0,293.02,2025-01-17,2025-01-17
2025-01-04 12:56:45+08:00,CTM10732,Custom Furniture,Servicing,1.0,499.0,2025-02-19,2025-02-19
2025-01-06 19:52:15+08:00,SC5/WAL,Vegas 1.2m Walnut 4-Door Shoe Cabinet,Servicing,1.0,,2025-01-14,2025-01-14
2025-01-06 21:29:07+08:00,SB4311/MapleWH,Soft Close Doors Upgrade,Servicing,1.0,226.58,2025-01-17,2025-01-17
2025-01-08 19:38:14+08:00,TV1565/Pine,Vita 1.5m Pine Oak TV Console Cabinet,Servicing,1.0,,2025-02-12,2025-02-12
2025-01-08 20:43:06+08:00,SC4/WAL,Add soft close,Servicing,1.0,104.89,2025-01-21,2025-01-21
2025-01-11 00:25:38+08:00,SB1283/MapleWH,Richmond 1.2m 3-Door Maple Oak White Shoe Cabinet,Servicing,1.0,299.0,2025-01-20,2025-01-20
2025-01-11 14:18:19+08:00,CTM10789A,Custom Furniture,Servicing,2.0,1148.0,2025-03-25,2025-03-25
2025-01-14 21:17:07+08:00,SC15,help customer double stack,Servicing,1.0,130.97,2025-01-20,2025-01-20
2025-01-18 13:31:57+08:00,TV1865/PineBK-HDL C816-128-SS,Align doors and drawers,Servicing,1.0,,2025-01-27,2025-01-27
2025-01-19 12:09:09+08:00,CTM10840,Attach wardrobes together,Servicing,1.0,,2025-03-19,2025-03-19
2025-01-19 16:08:06+08:00,SC15,replace door and soft close hinge,Servicing,1.0,130.97,2025-01-24,2025-01-24
2025-01-21 11:38:22+08:00,SC18/WAL,replace top panel,Servicing,1.0,165.62,2025-01-24,2025-01-24
2025-01-21 19:18:27+08:00,Miranda Custom / Queen,Miranda Fabric Divan Bedframe,Servicing,1.0,330.0,2025-02-20,2025-02-20
2025-02-01 00:17:06+08:00,SS6020/Walnut,Oxford 60cm Walnut Bookcase,Servicing,1.0,261.35,2025-02-27,2025-02-27
2025-02-01 20:14:08+08:00,SB1283/Maple,Richmond 1.2m 3-Door Maple Oak Shoe Cabinet,Assembly,1.0,261.35,2025-02-20,2025-02-20
2025-02-02 15:43:58+08:00,SR4/Walnut,top panel,Servicing,1.0,399.0,2025-02-28,2025-02-28
2025-02-08 13:16:14+08:00,SI1885/Oak,Monaco 1.8m Oak 4-Door Sideboard,Servicing,1.0,429.0,2025-03-28,2025-03-28
2025-02-08 19:05:36+08:00,Zara/King/ME005,ME005 Zara Bed Frame (Straight line design),Servicing,1.0,1070.0,2025-03-19,2025-03-19
2025-02-16 16:56:27+08:00,DC8036/RusticWH,Change black handles and knobs. Align drawers,Assembly,1.0,391.02,2025-02-27,2025-02-27
2025-02-16 17:20:34+08:00,1049 Drawers Bed/Queen/omi01,Queen 4 Drawers (Open to the side)- 1049 Headboard - omi01 Boucle Fabric,Servicing,1.0,,2025-03-19,2025-03-19
2025-02-16 17:20:34+08:00,1045 Storage Bed/Single/omi05,Single - 1045 Winged Headboard - omi05 Boucle Fabric - Hydraulic Storage,Servicing,1.0,,2025-03-19,2025-03-19
2025-02-16 17:20:34+08:00,1045 Storage Bed/Single/omi02,Single - 1045 Winged Headboard - omi02 Boucle Fabric - Hydraulic Storage,Servicing,1.0,2178.0,2025-03-19,2025-03-19
2025-02-26 20:08:03+08:00,Miranda/SuperSingle/Giorletti 01,Miranda - boucle fabric - Super single divan,Servicing,1.0,,2025-03-19,2025-03-19
2025-02-26 20:08:03+08:00,Miranda/Queen/Giorletti 01,Miranda - boucle fabric - queen divan,Servicing,1.0,,2025-03-19,2025-03-19
2025-02-26 20:08:03+08:00,Miranda/King/Giorletti 01,Miranda - boucle fabric - king divan,Servicing,1.0,982.0,2025-03-19,2025-03-19
2025-03-02 17:37:12+08:00,SB1283/Walnut-metal legs,Add soft close,Servicing,1.0,,2025-03-05,2025-03-05
2025-03-08 18:17:02+08:00,TV1671/Maple-Collect back,Collect Back,Servicing,1.0,322.42,2025-03-28,2025-03-28
2025-03-09 14:05:30+08:00,SC4/WAL,Align doors,Servicing,1.0,,2025-03-12,2025-03-12
2025-03-14 10:55:06+08:00,SR7/PineWH(Premium),Hamburg 1.6m Pine/White Sideboard,Assembly,1.0,320.74,2025-03-19,2025-03-19
,HotelStudio/Single,"10.5"" Hotel Studio Pocket Spring w Pillow Top Mattress",Assembly,,,2025-02-25,2025-02-25
,SR2/Walnut,Bremen ,Assembly,1.0,,2025-03-10,2025-03-10
,SB8322/Pine,Tomi,Assembly,1.0,,2025-03-10,2025-03-10
,DC8036/Maple,Union,Assembly,1.0,,2025-03-10,2025-03-10
,SS6202/Espresso,Warwick,Assembly,1.0,,2025-03-10,2025-03-10
,SB4311/Pine,Eden,Assembly,1.0,,2025-03-10,2025-03-10
,SS6020/Walnut,Oxford,Assembly,1.0,,2025-03-10,2025-03-10
,SB8083/Pine,Richie,Assembly,1.0,,2025-03-10,2025-03-10
,SR6/Walnut-Black handle,Hamburg 1.6m Sideboard,Assembly,1.0,,2025-03-10,2025-03-10
,SB8083/Pine-No legs,Richie No legs,Assembly,1.0,,2025-03-10,2025-03-10
,Noun Desk - Black ,Noun,Assembly,1.0,,2025-03-10,2025-03-10
,DC8036/MapleWH,Union Chest,Assembly,1.0,,2025-01-13,2025-01-13
,DC7058/Maple,Pepe Chest,Assembly,1.0,,2025-01-13,2025-01-13
,SI1623M/Maple (Metal legs),Evie Sideboard,Assembly,1.0,,2025-01-13,2025-01-13
,SR2/Oak WH,Bremen Storage Cabinet,Assembly,1.0,,2025-01-13,2025-01-13
,SB6304/OakWH,Nara Shoe Cabinet,Self-Assembly,1.0,,2025-01-13,2025-01-13
,SB1283/MapleWH,Richmond Shoe Cabinet,Self-Assembly,1.0,,2025-01-13,2025-01-13
,TV1672/Maple,Linwood TV Cabinet,Self-Assembly,1.0,,2025-01-13,2025-01-13
,SR6/PineWH,Hamburg 1.4m Sideboard,Self-Assembly,1.0,,2025-01-13,2025-01-13
,SI1623/Walnut-Metal legs,Evie Walnut Sideboard,Assembly,1.0,,2025-02-15,2025-02-15
,SI1685/Walnut,Monaco Walnut Sideboard,Assembly,1.0,,2025-02-15,2025-02-15
,SS6020/MapleWH,Oxford 60cm Bookcase,Assembly,1.0,,2025-02-15,2025-02-15
,SS6202/Maple,Warwick 60cm Dsiplay Shelf,Assembly,1.0,,2025-02-15,2025-02-15
,Noun Desk,Noun Desk,Assembly,1.0,,2025-02-15,2025-02-15
,SC4/OAK,Vegas 2 Door Shoe Cabinet,Assembly,1.0,,2025-02-15,2025-02-15
,CTM16,Customise Furniture,Self-Assembly,1.0,,2025-02-15,2025-02-15
,CTM17,Customise Furniture,Self-Assembly,1.0,,2025-02-15,2025-02-15
,Storage bed,Storage Bed,Assembly,1.0,,2025-02-15,2025-02-15
,CTM12,Customise Furniture,Self-Assembly,1.0,,2025-01-17,2025-01-17
,SC15/OAK,Vegas 3 Door Shoe Cabinet,Assembly,1.0,,2025-01-17,2025-01-17
,SC5/WAL,Vegas 4 Door Shoe Cabinet,Self-Assembly,2.0,,2025-01-17,2025-01-17
,SC4/OAK,Vegas 2 Door Shoe Cabinet,Self-Assembly,1.0,,2025-01-17,2025-01-17
,TV1865/PineBK,Vita 1.8m TV Cabinet,Assembly,1.0,,2025-01-17,2025-01-17
,CTM13,Customise Furniture,Self-Assembly,1.0,,2025-01-17,2025-01-17
,CTM14,Customise Furniture,Self-Assembly,1.0,,2025-01-17,2025-01-17
,CTM15,Customise Furniture,Self-Assembly,1.0,,2025-01-17,2025-01-17
2025-03-03 22:04:49+08:00,Office Chair,High Back Office Chair,Assembly,1.0,779.0,2025-03-18,2025-03-18
,SB1283/Walnut,RIchmond Walnut Shoe Cabinet,Assembly,1.0,,2025-02-20,2025-02-20
,Storage Bedframe,Storage Bed,Assembly,1.0,,2025-02-20,2025-02-20
,CTM10349,top panel and door,Assembly,1.0,,2025-01-23,2025-01-23
,CTM10452A,Sideboard,Assembly,1.0,,2025-01-23,2025-01-23
,DC1408-M,Alexis Drawer Chest,Assembly,1.0,,2025-01-23,2025-01-23
,DC7038/WH,Homeline Chest,Assembly,1.0,,2025-01-23,2025-01-23
,SB6001/MapleWH,Richie 60cm Maple Oak White Shoe Cabinet,Assembly,1.0,,2025-01-23,2025-01-23
,SC15/OAK,Vegas 4 Door Shoe Cabinet,Assembly,1.0,,2025-01-23,2025-01-23
,SC4/WAL,Vegas 2 Door Shoe Cabinet,Self-Assembly,1.0,,2025-01-23,2025-01-23
,Storage bed,Storage Bed,Assembly,1.0,,2025-01-23,2025-01-23
,SI1295O/Walnut,Manhattan Sideboard,Assembly,1.0,,2025-01-23,2025-01-23
,SB6001/Pine,Richie,Assembly,1.0,,2025-02-28,2025-02-28
,TV1565/Espresso,Vita,Assembly,1.0,,2025-02-28,2025-02-28
,DC7058/Pine,Pepe,Assembly,1.0,,2025-02-28,2025-02-28
,DC1232/MapleWH,Eve,Assembly,1.0,,2025-02-28,2025-02-28
,SR2/Maple,Bremen,Assembly,1.0,,2025-02-28,2025-02-28
,SI1295O/Walnut,Manhattan 1.2m Walnut Sideboard,Assembly,1.0,,2025-01-27,2025-01-27
,CTM3,Customise Furniture,Assembly,1.0,,2025-01-27,2025-01-27
,SC15/OAK,Vegas 3 Door Shoe Cabinet,Assembly,1.0,,2025-01-27,2025-01-27
,SI1685S/Pine,Monaco 1.6m Pine Oak 4-Door Sideboard,Self-Assembly,1.0,,2025-01-27,2025-01-27
,SR4/Pine,Munich Storage Cabinet,Assembly,1.0,,2025-01-27,2025-01-27
,TV1856/PineBK,Vita 1.8m TV Cabinet,Assembly,1.0,,2025-01-27,2025-01-27
,BT4550,Bedside Table,Self-Assembly,1.0,,2025-03-27,2025-03-27
,DC1232/MapleWH,Eve 1.2m Maple White Sideboard,Assembly,1.0,,2025-03-27,2025-03-27
,TV1266,,Self-Assembly,1.0,,2025-03-27,2025-03-27
,CTM10141A,Customise Furniture,Assembly,1.0,,2025-01-03,2025-01-03
,WD4021,40cm Wardrobe,Assembly,1.0,,2025-01-03,2025-01-03
,DC1232/Walnut,Eve 1.2m Sideboard,Assembly,1.0,,2025-01-03,2025-01-03
,1043-Giorletti01,Bedframe,,1.0,,2025-01-03,2025-01-03
,TV1853,Preston TV Cabinet,,1.0,,2025-01-03,2025-01-03
,SI1295/Walnut,Manhattan 1.2m Walnut Sideboard,Assembly,1.0,,2025-01-03,2025-01-03
,TV1634/Oak,Paisley 1.6m Oak TV Cabinet,Assembly,1.0,,2025-03-04,2025-03-04
,SB9065/Pine,Harper 90cm Pine Shoe Cabinet,Assembly,1.0,,2025-03-04,2025-03-04
,SS6020/WH,Oxford 60cm White Bookcase,Assembly,1.0,,2025-01-07,2025-01-07
,Headboard,Headboard,Assembly,1.0,,2025-01-07,2025-01-07
,TV1634/MapleWH,Paisley TV Cabinet,Assembly,1.0,,2025-01-07,2025-01-07
,SR5/PineWH,Hamburg 1.2m Sideboard,Assembly,1.0,,2025-01-07,2025-01-07
,SB6012/Maple,Kyoto 60cm Maple Oak Shoe Cabinet,Assembly,1.0,,2025-01-07,2025-01-07
,CTM11,Customise Furniture,Self-Assembly,1.0,,2025-01-07,2025-01-07
